product_name_ko,product_name_zh,platform,coupang_url,image_url,brand,category,owner,supplier_quote_count,supplier_name,delivery_type,seller_type,size,color,material,weight,package_size,competitor_price_krw,target_supply_price_krw,estimated_china_cost_rmb,international_shipping_krw,korea_local_shipping_krw,coupang_fee_rate,ad_cost_krw,return_loss_krw,other_cost_krw,estimated_monthly_sales,monthly_purchase_badge,review_count,rating,category_rank,core_selling_points,keywords,review_samples,bad_review_samples,market_analysis,price_range,review_analysis_summary,consumer_pain_points,product_development_direction,recommendation_reason,sample_development_suggestion,category_opportunity_note,is_seasonal,seasonality_note,best_sales_season,file_materials,notes,risk_need_kc,risk_kc_documents_ready,risk_children_product,risk_food,risk_electronics,risk_cosmetics,risk_medical,risk_fragile,risk_high_return,risk_korea_regulation_uncertain,risk_coupang_platform_limit,risk_coupang_pb_or_self_operated,market_heat,competition_level,profit_potential,overall_risk,recommended_business_type,next_action,priority,should_import_to_intelligence_system,not_import_reason,collected_at
"곧음 고양이 강아지 털제거 장갑 고양이털 정전기 브러쉬 대형, 검정, 2개",곧음 猫用 狗用 除毛 手套 猫用털 정전기 刷子 대형，검정，2개,Coupang,https://www.coupang.com/vp/products/8863003005,https://thumbnail.coupangcdn.com/thumbnails/remote/492x492ex/image/vendor_inventory/6bbc/dd9d20682cae6c8a5a8ec58e2d7d284af346d8cb9f187cd36e7d7b504ece.png,어스픽,宠物小用品,未分配,不确定,不确定,로켓배송,品牌卖家,19cm x 5cm x 3cm,블랙,스테인리스,60g,未显示,"9,990 KRW","3,796 KRW 预估",不确定,低（预估）,不确定,11.6% 预估,需要测试,不确定,不确定,中,한 달간 200명 이상 구매했어요,1014,4.6,未显示,平台转化门槛低 / 材质卖点清晰 / 轻小件，适合继续测算,"반려동물 용품, 곧음, 고양이, 강아지, 털제거, 장갑, 고양이털, 정전기, 브러쉬","상품 리뷰
1,014
800명 이상 만족했어요
최고
82%
좋음
6%
보통
6%
별로
2%
나쁨
4%
동일한 상품에 대해 작성된 상품 리뷰로, 판매자는 다를 수 있습니다.
상품리뷰 운영원칙
1226
더보기
베스트순
최신순
모든 별점
살림마스터 
2026.06.09
판매자: 어스픽
곧음 고양이 강아지 털제거 장갑 고양이털 정전기 브러쉬 대형, 1개, 검정
효과 정말 좋습니다.
변려동물 키우시는 분들이나, 돌돌이 자주 사용하시는
분들이라면 이거 꼭 사세요!

저는 집에 강아지가 있어서 매일 저녁마다 돌돌이를
사용하는데, 털 제거 정전기 브러쉬 사용하고 부터는
돌돌이 사용 횟수도 줄고 그만큼 경제적인 면에서
효과가 아주 좋습니다:-)

매일 저녁마다 돌돌이를 돌리니까, 매번 리필 또
구매 해야하고 그 비용이 만만치가 않았어요.

고양이 유튜브 보다가 우연히 알게 된 제품인데
효과가 꽤 좋다는 말을 듣고 바로 구매하게 됐습니다.

이렇게 저렴한 가격에 판매되는 제품이
효과가 좋으면 얼마나 좋겠어 했는데..ㅎㅎ

제품을 받자마자 저희 집 거실에 있는 러그에 대고
슥슥 문질러봤더니, 먼지가 돌돌 깔끔하게 말린 상태로
브러쉬에 딱 달라붙어서 깔끔하게 떨어져 나오더라구요.

집에 러그 있으신분은 진짜 꼭! 구매하세요.

그 외에도 쇼파나 침대 담요 등 패프릭 소재에 아주 아주 잘
사용하고 있습니다!

정전기 브러쉬를 이용해서 1차로 먼저 슥 슥 밀어서
먼지와 머리카락을 떼어낸 다음에

마무리로 돌돌이를 해주니까 돌돌이도 아껴서 사용할 수
있고 청소 만족도가 대단해요!ㅋㅋ

진짜 놀라운 건 이 정전기 브러쉬는 찢어지지만 않는다면
계속해서 재 사용할 수 있다는 거에요.

이 제품을 왜 이제서야 알았나 하는 한탄스러운 마음뿐입니다.


고민하는 시간이 바로 돈이니까
얼른 구매하시길 바랍니다!!!!!!


✅총 평

✔️정전기 브러쉬 사용하고 돌돌이 비용을 엄청 아낌
✔️패브릭 소재에 붙어 있는 먼지와 머리카락 깔끔하게 제거 됨
✔️계속해서 재 사용 할 수 있어서 너무 경제적임


지금까지 내돈내산 아주 솔직한 후기였습니다
제 후기가 제품 선택에 도움이 되셨기를 바랍니다^^
도움이 돼요
신고하기
멜로우 
2026.05.03
판매자: 어스픽
곧음 고양이 강아지 털제거 장갑 고양이털 정전기 브러쉬 대형, 1개, 검정
0:28
소파·침대 털 제거용으로 간편한 장갑
안녕하세요. 영상찍는 리뷰 멜로우입니다

고양이 키우는 집이라면 공감할 텐","나쁨
4%
동일한 상품에 대해 작성된 상품 리뷰로, 판매자는 다를 수 있습니다.
상품리뷰 운영원칙
1226
더보기
베스트순
최신순
모든 별점
살림마스터 
2026.06.09
판매자: 어스픽
곧음 고양이 강아지 털제거 장갑 고양이털 정전기 브러쉬 대형, 1개, 검정
효과 정말 좋습니다.
변려동물 키우시는 분들이나, 돌돌이 자주 사용하시는
분들이라면 이거 꼭 사세요!

저는 집에 강아지가 있어서 매일 저녁마다 돌돌이를
사용하는데, 털 제거 정전기 브러쉬 사용하고 부",宠物小用品场景需求稳定，非明显季节品，全年都有稳定需求。,"7,992~12,488 KRW 预估",用户主要因为解决具体生活场景问题而购买，满意点集中在安装便利、功能直观和性价比，不满点集中在尺寸、耐用度、贴合度或做工细节。,用户主要担心粘贴不牢、安装细节、尺寸预期和局部翘边问题。,如果开发，建议优化尺寸说明、材质耐久、安装体验和细节做工，并做更清晰的场景图与对比卖点。,宠物小用品需求明确，评论数 1014，月购提示为 한 달간 200명 이상 구매했어요。,打样时重点确认尺寸适配、材质厚度、粘贴/安装稳定性、包装保护和使用说明。,宠物小用品值得继续深挖同类竞品，适合建立价格带和差评痛点库。,否,非明显季节品，全年都有稳定需求。,全年,未上传,搜索词：반려동물 용품；搜索排序约 1；卖家：어스픽。,不确定,不确定,否,否,是,否,否,中,低,是,不确定,否,中,中,高,高,暂缓,继续观察,C,否,综合风险偏高,2026-06-19
다마브로 이불 정리함 압축 파우치,다마브로 이불 收纳盒 压缩收纳袋,Coupang,https://www.coupang.com/vp/products/9436721865,https://thumbnail.coupangcdn.com/thumbnails/remote/492x492ex/image/vendor_inventory/b096/5eadd508995aa57bb17e6c2b019c7a769f685051c87bc00c49b1d2c2a7ce.png,디딤돌,收纳用品,未分配,不确定,不确定,로켓배송,品牌卖家,未显示,그레이,플라스틱,未显示,未显示,"14,800 KRW","5,624 KRW 预估",不确定,中（预估）,不确定,11.6% 预估,需要测试,不确定,不确定,中,"한 달간 1,000명 이상 구매했어요",687,4.6,未显示,收纳整理场景明确 / 平台转化门槛低 / 轻小件，适合继续测算,"수납용품, 다마브로, 이불, 정리함, 압축, 파우치","상품 리뷰
687
600명 이상 만족했어요
최고
82%
좋음
9%
보통
4%
별로
2%
나쁨
3%
동일한 상품에 대해 작성된 상품 리뷰로, 판매자는 다를 수 있습니다.
상품리뷰 운영원칙
601
더보기
베스트순
최신순
모든 별점
냠냠맛있다 
2026.06.16
판매자: 디딤돌
다마브로 이불 정리함 압축 파우치, 2개, 대형(L), 그레이
압축잘되고 보관하기 좋아요!!
#다마브로 #이불정리함 #압축파우치 #이불압축팩 #계절이불정리 #옷장정리 #공간활용 #살림템 #정리정돈 #집꾸미기

**다마브로 이불 정리함 압축 파우치**

■■ 부피가 크고 두꺼운 겨울 이불이나 계절 옷을 깔끔하고 슬림하게 정돈해 주는 다마브로 이불 정리함 압축 파우치입니다.
ㅤ
■■ 청소기로 공기를 빼내야 하는 번거로운 기존 압축팩과
달리 지퍼만 닫으면 자연스럽게 압축되는 혁신적인 구조로 제작되었어요.
ㅤ
■■ 열어볼 때마다 무너지던 옷장 안을 칼각으로 정돈해
주며 한정된 드레스룸 공간을 2배 이상 넓게 활용할 수 있도록 도와주는 필수 살림 아이템입니다.

✔️청소기 없는 간편한 지퍼 압축 방식

● 별도의 흡입 장비나 청소기를 준비할 필요 없이 이불을 넣고 외부 압축 지퍼를 한 바퀴 슥 돌려 닫아주기만 하면 부피가 대폭 줄어듭니다.
ㅤ
● 이중 지퍼 구조가 강력하게 받쳐주어 내부의 공기를 밀어내고 고정해 주기 때문에 누구나 힘들이지 않고 쉽고 빠르게 압축할 수 있어요.
ㅤ
● 시간이 지나면 다시 부풀어 오르거나 바람이 새어 들어오는 현상이 적어, 다음 계절이 돌아올 때까지 슬림한 형태가 탄탄하게 유지됩니다.

✔️깔끔한 각 잡기 구조와 위생적인 보관

● 내부에 고정 프레임이나 탄탄한 보강재가 결합되어 있어 압축 후에도 흐물거리지 않고 깔끔하게 사각형 모양의 각이 유지됩니다.
ㅤ
● 덕분에 옷장 선반이나 행거 윗부분에 차곡차곡 쌓아 올릴 수 있으며 가로로 뉘어두거나 세로로 세워두어도 쓰러지지 않고 안정적이에요.
ㅤ
● 통기성이 있으면서도 먼지와 습기, 해충 차단에 우수한 소재를 사용하여 소중한 이불과 옷을 변색이나 냄새 걱정 없이 쾌적하게 보호합니다.

✔️내구성이 뛰어난 소재와 편리한 디테일

● 두꺼운 오리털 이불이나 패딩을 가득 넣고 지퍼를 채워도 뜯어지거나 터지지 않도록 지퍼 라인과 봉제선 마감이 매우 견고합니다.
ㅤ
● 파우치 앞면이나 측면에 투명창이 적용되어 있어, 지퍼를 일일이 열어보지 않고도 내부에 어떤 이불이 들어있는지 한눈에","나쁨
3%
동일한 상품에 대해 작성된 상품 리뷰로, 판매자는 다를 수 있습니다.
상품리뷰 운영원칙
601
더보기
베스트순
최신순
모든 별점
냠냠맛있다 
2026.06.16
판매자: 디딤돌
다마브로 이불 정리함 압축 파우치, 2개, 대형(L), 그레이
압축잘되고 보관하기 좋아요!!
#다마브로 #이불정리함 #압축파우치 #이불압축팩 #계절이불정리 #옷장정리 #공간활용 #살림템 #정리정돈 #집꾸미기

**다마브로 이불 정리함 압축 파우치**

■■ 부피가 크고 두꺼운 ",收纳用品场景需求稳定，非明显季节品，全年都有稳定需求。,"11,840~18,500 KRW 预估",用户主要因为解决具体生活场景问题而购买，满意点集中在安装便利、功能直观和性价比，不满点集中在尺寸、耐用度、贴合度或做工细节。,用户主要担心粘贴不牢、安装细节、尺寸预期和局部翘边问题。,如果开发，建议优化尺寸说明、材质耐久、安装体验和细节做工，并做更清晰的场景图与对比卖点。,"收纳用品需求明确，评论数 687，月购提示为 한 달간 1,000명 이상 구매했어요。",打样时重点确认尺寸适配、材质厚度、粘贴/安装稳定性、包装保护和使用说明。,收纳用品值得继续深挖同类竞品，适合建立价格带和差评痛点库。,否,非明显季节品，全年都有稳定需求。,全年,未上传,搜索词：수납용품；搜索排序约 2；卖家：디딤돌。,否,不确定,否,否,否,否,否,中,低,否,不确定,否,中,中,中,低,普通测试,申请样品,A,是,无,2026-06-19
"플랜와이 촘촘한 초미세 DIY 모기장 방충망, 1.5x5m, 1세트",플랜와이 高密度한 超细 DIY 纱窗网 防虫网，1.5x5m，1세트,Coupang,https://www.coupang.com/vp/products/8857119515,https://thumbnail.coupangcdn.com/thumbnails/remote/492x492ex/image/vendor_inventory/84ed/dd30e1b48129f19d95fc6257c0ddde1714a56771c8d21bb04bc4b73b1fa6.jpg,주식회사 플랜와이,防虫网相关用品,未分配,不确定,不确定,로켓배송,品牌卖家,10CM x 4.5M,블랙,화이바,未显示,未显示,"20,300 KRW","7,714 KRW 预估",不确定,中（预估）,不确定,11.6% 预估,需要测试,不确定,不确定,低,未显示,36,4.4,未显示,免打孔/易安装 / 防虫需求明确 / 平台转化门槛低 / 材质卖点清晰,"방충망, 플랜와이, 촘촘한, 초미세, DIY, 모기장, 방충망, 1.5x5m, 1세트","상품 리뷰
36
최고
69%
좋음
16%
보통
11%
별로
2%
나쁨
2%
편리성
아주 편리해요
100%
재질 만족도
아주 마음에 들어요
75%
견고함
아주 견고해요
71%
자세히 보기
동일한 상품에 대해 작성된 상품 리뷰로, 판매자는 다를 수 있습니다.
상품리뷰 운영원칙
베스트순
최신순
모든 별점
김*연 
2026.04.27
판매자: 주식회사 플랜와이
플랜와이 촘촘한 초미세 DIY 모기장 방충망, 1세트, 1.5x5m
좋아요
촘촘한게 벌레 들어올일 없을거 같아요
편리성
아주 편리해요
재질 만족도
아주 마음에 들어요
견고함
아주 견고해요
도움이 돼요
신고하기
장*섭 
2026.04.22
판매자: 주식회사 플랜와이
플랜와이 촘촘한 초미세 DIY 모기장 방충망, 1세트, 1.2x5m
잘 받았어요~~~~~~~~^^
단, 롤 형태로 배송 해주시면 좋겠어요~~~~~~~^^
편리성
아주 편리해요
재질 만족도
아주 마음에 들어요
견고함
아주 견고해요
도움이 돼요
신고하기
김*일 
2026.06.14
판매자: 주식회사 플랜와이
플랜와이 촘촘한 초미세 DIY 모기장 방충망, 1세트, 1x5m
신고하기
최* 
2026.06.13
판매자: 주식회사 플랜와이
플랜와이 촘촘한 초미세 DIY 모기장 방충망, 1세트, 1x2.5m
신고하기
김*수 
2026.06.12
판매자: 주식회사 플랜와이
플랜와이 촘촘한 초미세 DIY 모기장 방충망, 1세트, 1x5m
신고하기
구*태 
2026.06.11
판매자: 주식회사 플랜와이
플랜와이 촘촘한 초미세 DIY 모기장 방충망, 1세트, 1x5m
신고하기
박*동 
2026.06.09
판매자: 주식회사 플랜와이
플랜와이 촘촘한 초미세 DIY 모기장 방충망, 1세트, 1x5m
신고하기
최*순 
2026.06.07
판매자: 주식회사 플랜와이
플랜와이 촘촘한 초미세 DIY 모기장 방충망, 1세트, 1.5x5m
신고하기
홍*훈 
2026.06.06
판매자: 주식회사 플랜와이
플랜와이 촘촘한 초미세 DIY 모기장 방충망, 1세트, 1x5m
신고하기
이*율 
2026.06.06
판매자: 주식회사 플랜와이
플랜와이 촘촘한 초미세 DIY 모기장 방충망, 1세트, 1x5m
편리성
아주 편리해요
재질 만족도
아주 마음에 들어요
견고함
아주 견고해요
신고하기
1
2
3
4
4점 이상
리뷰가 좋은 상품
광고
버그캅 창문 보수 DIY 교체 세트 미세 잘라쓰는 방충망, 1세트
쿠폰할인
18,900원
21%
14,870원
(1개","나쁨
2%
편리성
아주 편리해요
100%
재질 만족도
아주 마음에 들어요
75%
견고함
아주 견고해요
71%
자세히 보기
동일한 상품에 대해 작성된 상품 리뷰로, 판매자는 다를 수 있습니다.
상품리뷰 운영원칙
베스트순
최신순
모든 별점
김*연 
2026.04.27
판매자: 주식회사 플랜와이
플랜와이 촘촘한 초미세 DIY 모기장 방충망, 1세트, 1.5x5m
좋아요
촘촘한게 벌레 들어올일 없을거 같아요
편리성
아주 편리해요
재질 만족도
아주 마음에 들어요
견고함
",防虫网相关用品场景需求稳定，夏季需求更强，天气变热、防虫、防潮或户外使用场景增加。,"16,240~25,375 KRW 预估",用户主要因为解决具体生活场景问题而购买，满意点集中在安装便利、功能直观和性价比，不满点集中在尺寸、耐用度、贴合度或做工细节。,用户主要担心粘贴不牢、安装细节、尺寸预期和局部翘边问题。,如果开发，建议优化尺寸说明、材质耐久、安装体验和细节做工，并做更清晰的场景图与对比卖点。,防虫网相关用品需求明确，评论数 36，月购提示为 未显示。,打样时重点确认尺寸适配、材质厚度、粘贴/安装稳定性、包装保护和使用说明。,防虫网相关用品值得继续深挖同类竞品，适合建立价格带和差评痛点库。,是,夏季需求更强，天气变热、防虫、防潮或户外使用场景增加。,夏季,未上传,搜索词：방충망；搜索排序约 2；卖家：주식회사 플랜와이。,否,不确定,否,否,否,否,否,中,中,否,不确定,否,低,低,中,中,PB供应,计算利润,A,是,无,2026-06-19
"리빙트리 배수구 거름망 하수구 화장실, 15cm*15cm, 20개",리빙트리 배수구 거름망 하수구 卫生间，15cm*15cm，20개,Coupang,https://www.coupang.com/vp/products/8863650700,https://thumbnail.coupangcdn.com/thumbnails/remote/492x492ex/image/vendor_inventory/e300/2f02722ee99f7b0b2096363637fe7a81ec9fea79d3378f8ce3f8d3dfcbfb.png,나무숲,浴室用品,未分配,不确定,不确定,로켓배송,品牌卖家,未显示,그레이,실리콘,400g,未显示,"7,980 KRW","3,032 KRW 预估",不确定,低（预估）,不确定,11.6% 预估,需要测试,不确定,不确定,中,"한 달간 4,000명 이상 구매했어요",1642,4.6,未显示,免打孔/易安装 / 平台转化门槛低 / 材质卖点清晰,"생활용품, 리빙트리, 배수구, 거름망, 하수구, 화장실, 15cm*15cm, 20개","상품 리뷰
1,642
1,000명 이상 만족했어요
최고
80%
좋음
10%
보통
6%
별로
2%
나쁨
2%
편리성
아주 편리해요
76%
자세히 보기
동일한 상품에 대해 작성된 상품 리뷰로, 판매자는 다를 수 있습니다.
상품리뷰 운영원칙
274
더보기
베스트순
최신순
모든 별점
권*지 
2026.05.28
판매자: 나무숲
리빙트리 배수구 거름망 하수구 화장실, 15cm*15cm, 20개
청소가 쉬워졌어요 머리긴 분들 필수에요!!
평소 머리카락 때문에 배수구 막히는 스트레스를
정말 많이 받는 편이라 이것저것 거름망 제품 여러 개 써봤는데 생각보다 불편하거나 물이 잘 안 빠지는 제품들도 많더라고요 그런데 이 제품은 가격도 부담 없고
사용하기도 편해서 요즘 꾸준히 잘 사용하고 있습니다
특히 화장실이나 세면대 청소할 때
확실히 편해져서 왜 진작 안 샀나 싶을 정도예요

붙이는 방식이라 설치도 정말 간단했고
따로 어려운 작업 없이 배수구 위에 붙여두기만 하면 되서
누구나 쉽게 사용할 수 있어요
접착도 생각보다 잘 되는 편이라 물 사용할 때
쉽게 밀리거나 들뜨지 않았고
머리카락이나 이물질도 잘 걸러줘서 만족스러웠습니다
특히 샤워 한 번 하고 나면 머리카락 치우는 게 은근 스트레스였는데 이 제품 사용하고 나서는 그냥 떼어서 버리기만 하면 되니까 훨씬 위생적이고 편하더라고요

물 빠짐도 괜찮은 편이라 답답하게 물 고이는 느낌이 거의 없었고 거름망 자체가 얇아서 깔끔하게 붙는 점도 마음에 들었어요 디자인도 튀지 않아서 화장실 배수구에 붙여놔도
지저분해 보이지 않고 깔끔한 느낌입니다
한 번 사용할 때마다 새 걸로 교체하면 되니까
청소 부담도 확실히 줄어드는 것 같아요

무엇보다 양이 넉넉해서 가성비가 정말 좋다고 느꼈습니다
화장실, 세면대, 주방 배수구까지 여러 군데 사용해도
오래 쓸 수 있어서 만족도가 높아요
소모품이라 은근 자주 필요하게 되는데
가격 부담 없이 쟁여두기 좋은 제품이라는 생각이 들었습니다 배수구 청소 스트레스 줄이고 싶은 분들이라면
한 번쯤 사용해보면 만족할 제품이에요!
편리성
아주 편리해요
도움이 돼요
신고하기
가을호수 
2026.05.23
판매자: 나무숲
리빙트리 배수구 거름망 하수구 화장실, 15cm*15cm, 20개
0:30
접착력이 좋아요
날씨가 더워지니 배수구에서 날파리가 날라 다녀 구입했어요

양쪽 베란다와 안방 화장실 배수구는
15cmx15cm 사이즈를 구입했고 거실 화장실은 큰사이즈로 다시 구입해","나쁨
2%
편리성
아주 편리해요
76%
자세히 보기
동일한 상품에 대해 작성된 상품 리뷰로, 판매자는 다를 수 있습니다.
상품리뷰 운영원칙
274
더보기
베스트순
최신순
모든 별점
권*지 
2026.05.28
판매자: 나무숲
리빙트리 배수구 거름망 하수구 화장실, 15cm*15cm, 20개
청소가 쉬워졌어요 머리긴 분들 필수에요!!
평소 머리카락 때문에 배수구 막히는 스트레스를
정말 많이 받는 편이라 이것저것 거름망 제품 여러 개 써봤는데 생각보다 불편하거나 물",浴室用品场景需求稳定，非明显季节品，全年都有稳定需求。,"6,384~9,975 KRW 预估",用户主要因为解决具体生活场景问题而购买，满意点集中在安装便利、功能直观和性价比，不满点集中在尺寸、耐用度、贴合度或做工细节。,用户主要担心粘贴不牢、安装细节、尺寸预期和局部翘边问题。,如果开发，建议优化尺寸说明、材质耐久、安装体验和细节做工，并做更清晰的场景图与对比卖点。,"浴室用品需求明确，评论数 1642，月购提示为 한 달간 4,000명 이상 구매했어요。",打样时重点确认尺寸适配、材质厚度、粘贴/安装稳定性、包装保护和使用说明。,浴室用品值得继续深挖同类竞品，适合建立价格带和差评痛点库。,否,非明显季节品，全年都有稳定需求。,全年,未上传,搜索词：생활용품；搜索排序约 3；卖家：나무숲。,不确定,不确定,否,否,否,否,否,中,低,否,不确定,否,中,高,高,低,普通测试,计算利润,B,是,无,2026-06-19
"하루꿈 벨크로 방충망 DIY 미세 먼지 창문 베란다 현관 모기장, 120 x 200 ..., 1개",하루꿈 벨크로 防虫网 DIY 미세 먼지 창문 베란다 현관 纱窗网，120 x 200 ...，1개,Coupang,https://www.coupang.com/vp/products/8706062506,https://thumbnail.coupangcdn.com/thumbnails/remote/492x492ex/image/vendor_inventory/eeb0/86ab9055f5699f8246c405505c59bd1b87d5c26f61fa8a29ddfbfcb76d58.jpg,스노우메이 유한회사,门窗密封用品,未分配,不确定,不确定,로켓배송,品牌卖家,200cm x 200cm,화이트,화이바,未显示,未显示,"27,900 KRW","10,602 KRW 预估",不确定,低（预估）,不确定,11.6% 预估,需要测试,不确定,不确定,中,未显示,945,4.8,未显示,防虫需求明确 / 平台转化门槛低 / 轻小件，适合继续测算,"방충망, 하루꿈, 벨크로, 방충망, DIY, 미세, 먼지, 창문, 베란다","상품 리뷰
945
900명 이상 만족했어요
최고
92%
좋음
5%
보통
1%
별로
1%
나쁨
1%
편리성
아주 편리해요
98%
재질 만족도
아주 마음에 들어요
97%
견고함
아주 견고해요
91%
자세히 보기
동일한 상품에 대해 작성된 상품 리뷰로, 판매자는 다를 수 있습니다.
상품리뷰 운영원칙
870
더보기
베스트순
최신순
모든 별점
하루가 
2026.06.18
판매자: 스노우메이 유한회사
하루꿈 벨크로 방충망 DIY 미세 먼지 창문 베란다 현관 모기장, 1개, 100 x 150 cm
이거 하고 아직까지 모기에 물리지 않아 안심이에여!
✔️ 구매이유

요즘 모기가 정말 많아졌는데 방충망도 있고, 침대에는 방충망 텐트까지 설치해뒀는데도 이상하게 모기가 들어와서 아기를 계속 물더라고요.

아침에 일어나면 팔이나 다리에 모기 물린 자국이 생겨 있어서 너무 속상했습니다. 그래서 이번에는 제대로 방충을 해보자는 마음으로 창문 전체를 막을 수 있는 방충망 보수망을 구매하게 되었습니다.

✔️ 제품특징

이 제품은 기존 방충망 위에 추가로 설치하는 방식이라 훨씬 안심이 되더라고요.

사이즈는 정해져 있어서 창문과 완벽하게 똑같이 맞추기는 어려울 수 있지만, 함께 들어 있는 테이프를 원하는 길이로 부착할 수 있어서 창문 크기에 맞게 설치가 가능했습니다.

저도 창문 크기와 완전히 동일하지는 않았지만 적당히 맞춰서 부착하니 깔끔하게 설치할 수 있었어요.

또 가장 마음에 들었던 부분은 찍찍이(벨크로) 방식이었습니다.

창문에 고정해두고 필요할 때 열고 닫을 수 있어서 환기하는 데도 문제가 없고, 청소할 때도 편하게 사용할 수 있겠더라고요.

망도 촘촘해서 작은 벌레까지 막아줄 것 같은 느낌이라 더욱 만족스러웠습니다.

✔️ 사용후기

설치는 생각보다 어렵지 않았습니다.

창틀을 깨끗하게 닦고 테이프를 부착한 뒤 방충망을 붙여주기만 하면 돼서 혼자서도 충분히 가능했습니다.

설치 후 가장 좋은 점은 심리적으로 훨씬 안심된다는 것이었습니다. 기존 방충망만 있을 때보다 창문 전체가 한 번 더 보호되는 느낌이라 아기 있는 집에서는 특히 좋을 것 같더라고요.

아직 설치한 지 며칠 되지는 않았지만 현재까지는 모기에 물린 적이 한 번도 없었습니다.

물론 조금 더 사용해봐야겠지만 지금까지는 매우 만족스럽고, 진작 설치할 걸 하는 생각도 들었습니다.

특히 아기 때문에 모기 걱정이 많았는데 한결 마음이 편해졌습니다.

✔️ 총평

- 아기","나쁨
1%
편리성
아주 편리해요
98%
재질 만족도
아주 마음에 들어요
97%
견고함
아주 견고해요
91%
자세히 보기
동일한 상품에 대해 작성된 상품 리뷰로, 판매자는 다를 수 있습니다.
상품리뷰 운영원칙
870
더보기
베스트순
최신순
모든 별점
하루가 
2026.06.18
판매자: 스노우메이 유한회사
하루꿈 벨크로 방충망 DIY 미세 먼지 창문 베란다 현관 모기장, 1개, 100 x 150 cm
이거 하고 아직까지 모기에 물리지 않아 안심이에여!
✔️ 구매이",门窗密封用品场景需求稳定，夏季需求更强，天气变热、防虫、防潮或户外使用场景增加。,"22,320~34,875 KRW 预估",用户主要因为解决具体生活场景问题而购买，满意点集中在安装便利、功能直观和性价比，不满点集中在尺寸、耐用度、贴合度或做工细节。,用户主要担心粘贴不牢、安装细节、尺寸预期和局部翘边问题。,如果开发，建议优化尺寸说明、材质耐久、安装体验和细节做工，并做更清晰的场景图与对比卖点。,门窗密封用品需求明确，评论数 945，月购提示为 未显示。,打样时重点确认尺寸适配、材质厚度、粘贴/安装稳定性、包装保护和使用说明。,门窗密封用品值得继续深挖同类竞品，适合建立价格带和差评痛点库。,是,夏季需求更强，天气变热、防虫、防潮或户外使用场景增加。,夏季,未上传,搜索词：방충망；搜索排序约 3；卖家：스노우메이 유한회사。,否,不确定,否,否,否,否,否,中,中,否,不确定,否,中,中,中,中,PB供应,计算利润,A,是,无,2026-06-19
꿈알상점 자동차 차량 햇빛 가리개,꿈알상점 자동차 차량 遮阳板,Coupang,https://www.coupang.com/vp/products/9509909809,https://thumbnail.coupangcdn.com/thumbnails/remote/492x492ex/image/vendor_inventory/6b34/9ab3f257295388a3a3b8e79462aea2b2067f8389d41707eb0499f96a4c9f.png,몽실마켓,窗帘配件,未分配,不确定,不确定,로켓배송,品牌卖家,未显示,블랙,未显示,未显示,未显示,"3,900 KRW","1,482 KRW 预估",不确定,低（预估）,不确定,11.6% 预估,需要测试,不确定,不确定,低,"한 달간 1,000명 이상 구매했어요",190,4.5,未显示,免打孔/易安装 / 平台转化门槛低 / 轻小件，适合继续测算,"차량용 소품, 꿈알상점, 자동차, 차량, 햇빛, 가리개","상품 리뷰
190
100명 이상 만족했어요
최고
81%
좋음
7%
보통
4%
별로
3%
나쁨
5%
동일한 상품에 대해 작성된 상품 리뷰로, 판매자는 다를 수 있습니다.
상품리뷰 운영원칙
78
더보기
베스트순
최신순
모든 별점
이*석 
2026.06.17
판매자: 몽실마켓
꿈알상점 자동차 차량 햇빛 가리개, one size, 2개, 검정
제품의 역할은 정말 최고입니다.!
한여름 운전하다 보면 햇빛이 너무 뜨거워 살이 타들어 가는 것 같잖아요. 하지만 제가 차량용 창문 가림막을 구매한 진짜 이유는 따로 있습니다. 운전석 옆창문으로 고스란히 들어오는 자외선 때문에 얼굴에 잡티가 올라오는 게 너무 짜증스럽더라고요..

​시중에 파는 일반 망사형이나 반투명한 제품들은 비침이 있다 보니 어쩔 수 없이 자외선이 투과될 것 같아서 아예 빛을 틈 없이 막아줄 수 있는 튼튼한 불투명 암막 제품을 찾다가 이 제품을 구매하게 되었습니다. 우선 결론부터 말씀드리면 기대 이상으로 굉장히 만족스럽습니다.

햇빛의 뜨거운 열기를 1도 허용하지 않는 완벽히 막아줘요

젤 자외선 차단층과 나노 단열층을 포함한 4중 막 구조로 되어 있어 자외선을 99% 이상 확실하게 밀어내 준다고 하더라고요.

실제로 창문에 붙이고 운전했을 때와 안 붙였을 때 차 안에서 느껴지는 온도의 차이가 정말 어마어마하게 큽니다. 날씨나 에어컨 탓도 있겠지만, 햇빛 자체가 완벽하게 가려지니까 옆에 스치던 그 뜨끈뜨끈하고 따가운 열감이 느껴지지 않아서 쾌적해요. 자외선 차단은 물론이고 실내 온도 상승 막아주는 역할까지 합니다.

정전기 흡착 방식이라 지저분한 큐복(뾱뾱이) 없이 창문에 가볍게 착 붙어서 미관상으로도 아주 깔끔하고 사용하기 편해요.

확실하게 가려지는 시야 (⚠️초보운전 필수 참고)

빚이 하나도 들어오지 않는 불투명 제품을 선택한 만큼, 감수해야 하는 유일한 단점은 시야가 확실하게 가려진다는 점입니다.

운전할 때 백미러(사이드미러)만 보고 차선을 바꾸는 경우도 많지만, 창문 밖을 직접 보면서 옆차와의 거리나 사각지대의 차선까지 확인해야 하는 순간들이 분명히 있거든요. 이 가림막을 붙이면 옆 창문 시야가 완전히 차단되기 때문에, 운전이 조금 미숙하시거나 돌발 상황 대처가 어려운 초보운전자분들에게는 자칫 위험한 상황이 생길 수 있어서 이 부분은 꼭 강조해 드리고 싶어요.

초행길을 갈 때는 시야 확보를 위해 잠시 떼어두시는 걸 추천합니다. 출퇴근길처럼 매일 ","나쁨
5%
동일한 상품에 대해 작성된 상품 리뷰로, 판매자는 다를 수 있습니다.
상품리뷰 운영원칙
78
더보기
베스트순
최신순
모든 별점
이*석 
2026.06.17
판매자: 몽실마켓
꿈알상점 자동차 차량 햇빛 가리개, one size, 2개, 검정
제품의 역할은 정말 최고입니다.!
한여름 운전하다 보면 햇빛이 너무 뜨거워 살이 타들어 가는 것 같잖아요. 하지만 제가 차량용 창문 가림막을 구매한 진짜 이유는 따로 있습니다. 운전석 옆창문으로 고스란히 들어오는 자",窗帘配件场景需求稳定，夏季需求更强，天气变热、防虫、防潮或户外使用场景增加。,"3,120~4,875 KRW 预估",用户主要因为解决具体生活场景问题而购买，满意点集中在安装便利、功能直观和性价比，不满点集中在尺寸、耐用度、贴合度或做工细节。,用户主要担心粘贴不牢、安装细节、尺寸预期和局部翘边问题。,如果开发，建议优化尺寸说明、材质耐久、安装体验和细节做工，并做更清晰的场景图与对比卖点。,"窗帘配件需求明确，评论数 190，月购提示为 한 달간 1,000명 이상 구매했어요。",打样时重点确认尺寸适配、材质厚度、粘贴/安装稳定性、包装保护和使用说明。,窗帘配件值得继续深挖同类竞品，适合建立价格带和差评痛点库。,是,夏季需求更强，天气变热、防虫、防潮或户外使用场景增加。,夏季,未上传,搜索词：차량용 소품；搜索排序约 6；卖家：몽실마켓。,不确定,不确定,否,否,否,否,否,中,低,否,不确定,否,低,低,低,低,普通测试,计算利润,B,是,无,2026-06-19
플랜하우 압축봉 고정홀더 7cm 넓은면적 강력 부착,플랜하우 伸缩杆 固定支架 7cm 넓은면적 강력 부착,Coupang,https://www.coupang.com/vp/products/9534851839,https://thumbnail.coupangcdn.com/thumbnails/remote/492x492ex/image/vendor_inventory/81a9/b239e7322bb7ed6c76ad32f898c5cbe30400fe0ffc30a9094e9b975ea98e.jpg,주식회사 브리즈컴퍼니,窗帘配件,未分配,不确定,不确定,로켓배송,品牌卖家,未显示,화이트,플라스틱,未显示,未显示,"2,190 KRW","1,000 KRW 预估",不确定,低（预估）,不确定,11.6% 预估,需要测试,不确定,不确定,低,한 달간 600명 이상 구매했어요,26,4.7,未显示,免打孔/易安装 / 平台转化门槛低 / 材质卖点清晰,"커튼 부자재, 플랜하우, 압축봉, 고정홀더, 7cm, 넓은면적, 강력, 부착","상품 리뷰
26
최고
82%
좋음
7%
보통
11%
별로
0%
나쁨
0%
동일한 상품에 대해 작성된 상품 리뷰로, 판매자는 다를 수 있습니다.
상품리뷰 운영원칙
9
더보기
베스트순
최신순
모든 별점
현* 
2026.05.29
판매자: 주식회사 브리즈컴퍼니
플랜하우 압축봉 고정홀더 7cm 넓은면적 강력 부착, 4개
처음 제품을 받아서 확인했을 때 부착 면적이 넓어서 안정감 있게 사용할 수 있을 것 같은 느낌이 있었어요. 크기도 부담스럽지 않아서 다양한 공간에 활용하기 괜찮아 보였고 접착 부분도 비교적 탄탄하게 느껴졌어요. 직접 손으로 만져봤을 때 마감도 깔끔한 편이었고 압축봉을 고정하는 부분도 안정감 있는 분위기였어요. 처음 설치해봤을 때 사용 방법도 어렵지 않아서 편하게 활용할 수 있었어요.

실제로 욕실이나 주방 공간에서 압축봉과 함께 사용해봤어요. 벽면에 부착한 뒤 압축봉을 올려보니 흔들림이 과하게 느껴지지 않았고 비교적 안정감 있게 고정되는 분위기였어요. 넓은 면적 구조라 압축봉이 밀리는 느낌이 적었고 커튼이나 수납봉처럼 활용할 때도 부담이 덜했어요. 설치 과정도 비교적 간단했고 다양한 공간에서 활용하기 괜찮게 느껴졌어요. 전체적으로 생활 공간 정리용으로 활용하기 좋은 분위기였어요.

활용 범위도 다양하게 느껴졌어요. 욕실뿐만 아니라 주방이나 세탁실에서도 활용하기 괜찮았고 여러 개 구성이라 공간별로 나눠 사용하기 편했어요. 디자인이 과하게 눈에 띄지 않아서 다양한 인테리어 분위기와 자연스럽게 잘 어울렸고 정리용으로 활용하기 편했어요. 다양한 생활 공간에서 자연스럽게 활용 가능한 점이 실사용에서 만족스럽게 느껴졌어요.

사용 후에는 그대로 부착해서 사용해봤어요. 접착 상태도 비교적 안정감 있게 유지되는 느낌이었고 관리도 어렵지 않았어요. 전체적으로 압축봉을 편하게 고정해주는 홀더라는 느낌이에요. 활용성과 사용 편의성을 기준으로 보면 꾸준히 사용하기 괜찮은 제품이에요.
16명에게 도움이 됐어요
신고하기
김*옥 
2026.06.18
판매자: 주식회사 브리즈컴퍼니
플랜하우 압축봉 고정홀더 7cm 넓은면적 강력 부착, 4개
접착력이 생각보다 정말 좋아서 만족스러운 제품입니다. 압축봉이 자꾸 떨어져서 고민이었는데 이 고정홀더를 사용한 뒤로는 훨씬 안정적으로 사용할 수 있게 되었어요. 설치 방법도 간단해서 보호필름만 떼고 원하는 위치에 붙인 후 충분히 눌러주면 끝입니다. 접착면이 넓어서 벽에 단단하게 고정되고 흔들림도","나쁨
0%
동일한 상품에 대해 작성된 상품 리뷰로, 판매자는 다를 수 있습니다.
상품리뷰 운영원칙
9
더보기
베스트순
최신순
모든 별점
현* 
2026.05.29
판매자: 주식회사 브리즈컴퍼니
플랜하우 압축봉 고정홀더 7cm 넓은면적 강력 부착, 4개
처음 제품을 받아서 확인했을 때 부착 면적이 넓어서 안정감 있게 사용할 수 있을 것 같은 느낌이 있었어요. 크기도 부담스럽지 않아서 다양한 공간에 활용하기 괜찮아 보였고 접착 부분도 비교적 탄탄하게 느껴졌어요. 직",窗帘配件场景需求稳定，非明显季节品，全年都有稳定需求。,"1,752~2,738 KRW 预估",用户主要因为解决具体生活场景问题而购买，满意点集中在安装便利、功能直观和性价比，不满点集中在尺寸、耐用度、贴合度或做工细节。,用户主要担心粘贴不牢、安装细节、尺寸预期和局部翘边问题。,如果开发，建议优化尺寸说明、材质耐久、安装体验和细节做工，并做更清晰的场景图与对比卖点。,窗帘配件需求明确，评论数 26，月购提示为 한 달간 600명 이상 구매했어요。,打样时重点确认尺寸适配、材质厚度、粘贴/安装稳定性、包装保护和使用说明。,窗帘配件值得继续深挖同类竞品，适合建立价格带和差评痛点库。,否,非明显季节品，全年都有稳定需求。,全年,未上传,搜索词：커튼 부자재；搜索排序约 7；卖家：주식회사 브리즈컴퍼니。,不确定,不确定,否,否,否,否,否,中,低,否,不确定,否,低,低,低,低,普通测试,申请样品,A,是,无,2026-06-19
그랜빗 단열필름 사생활보호 썬팅 자외선차단 거실 베란다 창문 시트지,그랜빗 隔热膜 隐私保护 썬팅 자외선차단 거실 베란다 창문 贴膜,Coupang,https://www.coupang.com/vp/products/8923974006,https://thumbnail.coupangcdn.com/thumbnails/remote/492x492ex/image/vendor_inventory/4557/62233e2c42d380ac66184e1c1e17bf7aed51b66c16749cbef136675d0111.png,에스제이리테일,门窗密封用品,未分配,不确定,不确定,로켓배송,品牌卖家,90cmx11m,그린,未显示,未显示,未显示,"15,900 KRW","6,042 KRW 预估",不确定,低（预估）,不确定,11.6% 预估,需要测试,不确定,不确定,中,"한 달간 3,000명 이상 구매했어요",1481,4.4,未显示,免打孔/易安装 / 防风隔热效果明确 / 平台转化门槛低,"창문 단열, 그랜빗, 단열필름, 사생활보호, 썬팅, 자외선차단, 거실, 베란다, 창문","상품 리뷰
1,481
1,000명 이상 만족했어요
최고
77%
좋음
10%
보통
5%
별로
2%
나쁨
6%
동일한 상품에 대해 작성된 상품 리뷰로, 판매자는 다를 수 있습니다.
상품리뷰 운영원칙
1217
더보기
베스트순
최신순
모든 별점
박*영 
2026.06.11
판매자: 에스제이리테일
그랜빗 단열필름 사생활보호 썬팅 자외선차단 거실 베란다 창문 시트지, 다이아실버 90cm*3m
붙이기가 힘들지만 효과는 좋아요
처음에는 거실이랑 베란다로 들어오는 햇빛이 너무 강해서 구매하게 됐어요. 사생활 보호도 되고 자외선 차단에도 도움이 된다고 해서 기대를 했습니다. 실제로 붙이고 나니 밖에서는 안이 잘 보이지 않는 느낌이라 프라이버시 면에서는 만족스러웠고, 햇빛도 전보다 부드럽게 들어오는 것 같았어요. 낮에는 실내가 너무 답답하게 어두워지는 정도는 아니라 괜찮았습니다.

다만 붙이는 과정은 생각보다 쉽지 않았습니다. 설명대로 했는데도 처음에는 기포가 생기고 위치를 맞추는 게 꽤 어려웠어요. 특히 물을 넉넉하게, 생각보다 많이 뿌려야 작업이 훨씬 수월합니다. 물이 부족하면 필름이 잘 움직이지 않아서 한 번 붙인 뒤 다시 맞추기가 힘들더라고요. 저는 처음에 물을 적게 뿌렸다가 여러 번 떼었다 붙였다를 반복했는데, 나중에 물을 충분히 뿌리니까 위치 조정도 쉽고 밀대로 기포를 빼기도 편했습니다.

또 창문 크기에 맞게 재단하는 것도 조금 신경 써야 해서 처음 해보는 분들은 시간이 꽤 걸릴 수 있을 것 같아요. 혼자 작업하는 것보다 두 사람이 같이 하면 훨씬 편할 것 같습니다. 그래도 다 붙이고 나니 만족도가 높았고, 집 분위기도 깔끔해 보여서 결과는 마음에 들었습니다.

전체적으로 제품 자체는 괜찮았지만, 시공할 때는 물을 아끼지 말고 충분히 분사하는 것이 가장 중요한 팁인 것 같습니다. 처음에는 어렵게 느껴질 수 있지만 차근차근 작업하면 완성도 있게 붙일 수 있는 제품이라고 생각합니다.
4명에게 도움이 됐어요
신고하기
이*영 
2026.05.25
판매자: 에스제이리테일
그랜빗 단열필름 사생활보호 썬팅 자외선차단 거실 베란다 창문 시트지, 다이아실버 90cm*3m
좋아요~
거실과 베란다 창문을 통해 들어오는 과도한 햇빛을 차단하고 외부 시선으로부터 사생활을 보호하기 위해 그랜빗 단열필름 다이아실버 제품을 구매했습니다. 기존의 답답한 창문 시트지와 달리 90cm*3m라는 넉넉한 사이즈로 구성되어 있어 넓은 거실 유리창에도 부족함","나쁨
6%
동일한 상품에 대해 작성된 상품 리뷰로, 판매자는 다를 수 있습니다.
상품리뷰 운영원칙
1217
더보기
베스트순
최신순
모든 별점
박*영 
2026.06.11
판매자: 에스제이리테일
그랜빗 단열필름 사생활보호 썬팅 자외선차단 거실 베란다 창문 시트지, 다이아실버 90cm*3m
붙이기가 힘들지만 효과는 좋아요
처음에는 거실이랑 베란다로 들어오는 햇빛이 너무 강해서 구매하게 됐어요. 사생활 보호도 되고 자외선 차단에도 도움이 된다고 해서 기대를 했습니다.",门窗密封用品场景需求稳定，夏季需求更强，天气变热、防虫、防潮或户外使用场景增加。,"12,720~19,875 KRW 预估",用户主要因为解决具体生活场景问题而购买，满意点集中在安装便利、功能直观和性价比，不满点集中在尺寸、耐用度、贴合度或做工细节。,用户主要担心粘贴不牢、安装细节、尺寸预期和局部翘边问题。,如果开发，建议优化尺寸说明、材质耐久、安装体验和细节做工，并做更清晰的场景图与对比卖点。,"门窗密封用品需求明确，评论数 1481，月购提示为 한 달간 3,000명 이상 구매했어요。",打样时重点确认尺寸适配、材质厚度、粘贴/安装稳定性、包装保护和使用说明。,门窗密封用品值得继续深挖同类竞品，适合建立价格带和差评痛点库。,是,夏季需求更强，天气变热、防虫、防潮或户外使用场景增加。,夏季,未上传,搜索词：창문 단열；搜索排序约 9；卖家：에스제이리테일。,不确定,不确定,否,否,否,否,否,中,低,否,不确定,否,中,中,中,低,PB供应,计算利润,A,是,无,2026-06-19
코지스 이지런드리 세탁바구니 접이식 대용량 빨래바구니,코지스 이지런드리 洗衣篮 접이식 대용량 洗衣篮,Coupang,https://www.coupang.com/vp/products/8250341390,https://thumbnail.coupangcdn.com/thumbnails/remote/492x492ex/image/vendor_inventory/72da/87ed0c9ccface68879c90d291ed904ecc67f86007ff01eae324bcf851e0d.jpg,코지스,收纳用品,未分配,不确定,不确定,로켓배송,品牌卖家,未显示,그레이,철제,7870G,未显示,"13,900 KRW","5,282 KRW 预估",不确定,中（预估）,不确定,11.6% 预估,需要测试,不确定,不确定,中,한 달간 400명 이상 구매했어요,1111,4.6,未显示,免打孔/易安装 / 平台转化门槛低 / 材质卖点清晰,"세탁용품, 코지스, 이지런드리, 세탁바구니, 접이식, 대용량, 빨래바구니","상품 리뷰
1,111
900명 이상 만족했어요
최고
79%
좋음
11%
보통
5%
별로
2%
나쁨
3%
무게
가벼워요
74%
크기
적당해요
70%
견고함
아주 견고해요
46%
자세히 보기
동일한 상품에 대해 작성된 상품 리뷰로, 판매자는 다를 수 있습니다.
상품리뷰 운영원칙
485
더보기
베스트순
최신순
모든 별점
도도맘잉 
2026.06.07
판매자: 코지스
코지스 이지런드리 세탁바구니 접이식 대용량 빨래바구니, 그레이, 33.5cm
후기
안녕하세요.

아이 둘 키우면서 매일 나오는 빨래 양이 어마어마하다 보니 기존에 쓰던 플라스틱 빨래바구니로는 감당이 안 되어 새로 장만했습니다.

대용량에 접이식 기능까지 있는 제품을 찾다가 코지스 이지런드리 세탁바구니 33.5cm 그레이 색상으로 선택했는데 결론부터 말씀드리면 아주 만족하며 사용 중입니다.


우선 이 제품의 가장 큰 장점은 압도적인 수용량과 공간 활용성입니다. 아이들이 어린이집과 유학, 일상생활에서 쏟아내는 옷가지에 수건, 이불래까지 합쳐지면 하루만 방치해도 세탁실이 난장판이 되기 일쑤였습니다. 이 제품은 대용량이라는 이름에 걸맞게 4인 가족의 하루 치 빨래는 물론이고 두꺼운 겨울철 의류나 침구류까지 넉넉하게 들어갑니다.


깊이감이 깊어서 빨래가 위로 수북하게 쌓여도 밖으로 쉽게 쏟아지지 않는 구조라 세탁실 주변이 한결 깔끔해졌습니다.


그러면서도 사용하지 않을 때는 완전히 접어서 틈새에 보관할 수 있다는 점이 마음에 듭니다. 세탁기나 건조기 사이의 좁은 틈새, 혹은 다용도실 구석에 쏙 들어가니 공간을 전혀 차지하지 않습니다. 기존 플라스틱 바구니는 비어 있을 때도 덩치가 커서 세탁실 동선을 방해하곤 했는데, 이건 필요할 때만 펼쳐서 쓰고 평소에는 접어두면 되니까 세탁실 공간을 훨씬 효율적으로 넓게 쓸 수 있어서 좋습니다.


제품의 무게감은 딱 적당한 수준입니다. 너무 가벼우면 빨래를 넣었을 때 중심을 못 잡고 쓰러지기 쉽고, 반대로 너무 무거우면 세탁물이 담겼을 때 들고 이동하기가 힘든데 이 제품은 자체 무게가 보통 수준이라 안정감이 있습니다. 빨래를 가득 채운 상태에서 세탁기나 건조기 앞으로 옮길 때도 손잡이 부분이 넓고 튼튼하게 처리되어 있어서 손바닥이 아프거나 무리가 가지 않습니다.



크기 역시 상세 페이지에 나온 대로 33.5cm 규격이 저희 집 세탁실 동선과 가전 위치에 맞춘 것처럼 적당합니다. 너무 지나치게 커서 통행을 막지도 않고,","나쁨
3%
무게
가벼워요
74%
크기
적당해요
70%
견고함
아주 견고해요
46%
자세히 보기
동일한 상품에 대해 작성된 상품 리뷰로, 판매자는 다를 수 있습니다.
상품리뷰 운영원칙
485
더보기
베스트순
최신순
모든 별점
도도맘잉 
2026.06.07
판매자: 코지스
코지스 이지런드리 세탁바구니 접이식 대용량 빨래바구니, 그레이, 33.5cm
후기
안녕하세요.

아이 둘 키우면서 매일 나오는 빨래 양이 어마어마하다 보니 기존에 쓰던 플라스틱 빨래바구니로는 감당",收纳用品场景需求稳定，非明显季节品，全年都有稳定需求。,"11,120~17,375 KRW 预估",用户主要因为解决具体生活场景问题而购买，满意点集中在安装便利、功能直观和性价比，不满点集中在尺寸、耐用度、贴合度或做工细节。,用户主要担心粘贴不牢、安装细节、尺寸预期和局部翘边问题。,如果开发，建议优化尺寸说明、材质耐久、安装体验和细节做工，并做更清晰的场景图与对比卖点。,收纳用品需求明确，评论数 1111，月购提示为 한 달간 400명 이상 구매했어요。,打样时重点确认尺寸适配、材质厚度、粘贴/安装稳定性、包装保护和使用说明。,收纳用品值得继续深挖同类竞品，适合建立价格带和差评痛点库。,否,非明显季节品，全年都有稳定需求。,全年,未上传,搜索词：세탁용품；搜索排序约 9；卖家：코지스。,不确定,不确定,否,否,否,否,否,中,低,否,不确定,否,中,中,中,低,普通测试,计算利润,B,是,无,2026-06-19
리빙스냅 이불 압축 파우치 특대형,리빙스냅 이불 压缩收纳袋 특대형,Coupang,https://www.coupang.com/vp/products/9205946807,https://thumbnail.coupangcdn.com/thumbnails/remote/492x492ex/image/vendor_inventory/e1cb/898a798364ed626c5c60a36d7662b5fa5d150e06ef115a1178090a36dba3.png,뉴비온,收纳用品,未分配,不确定,不确定,로켓배송,品牌卖家,未显示,그레이,未显示,未显示,未显示,"13,900 KRW","5,282 KRW 预估",不确定,中（预估）,不确定,11.6% 预估,需要测试,不确定,不确定,中,한 달간 900명 이상 구매했어요,898,4.6,未显示,平台转化门槛低 / 轻小件，适合继续测算 / 轻小件，适合继续测算,"수납용품, 리빙스냅, 이불, 압축, 파우치, 특대형","상품 리뷰
898
700명 이상 만족했어요
최고
78%
좋음
11%
보통
8%
별로
1%
나쁨
2%
동일한 상품에 대해 작성된 상품 리뷰로, 판매자는 다를 수 있습니다.
상품리뷰 운영원칙
1187
더보기
베스트순
최신순
모든 별점
오드리갱 
2026.06.14
판매자: 주식회사 바냐 (BANYA Inc.)
리빙스냅 이불 압축 파우치 특대형, 베이지, 2개, XL(42 x 51 x 25 cm)
0:11
이불장 다이어트의 1등 공신, 압축력과 첫인상
철 지난 두꺼운 겨울 이불과 손님용 패드 때문에 이불장이 터지기 직전이라 반신반의하며 들였습니다. 기존의 비닐형 압축팩은 시간이 지나면 공기가 슬금슬금 들어가서 다시 부풀어 오르거나, 이불장 안에서 미끄러져 쏟아지기 일쑤였는데 이 제품은 '패브릭 파우치' 형태라 첫인상부터 훨씬 깔끔하고 탄탄했습니다.
내부 비닐 압축팩에 이불을 넣고 청소기로 공기를 빼주면, 정말 마법처럼 부피가 3분의 1 수준으로 확 줄어듭니다. 압축된 상태에서 겉면의 패브릭 파우치 지퍼를 한 번 더 잠가 이중으로 잡아주니, 공기가 다시 샐 틈 없이 모양이 단단하게 고정됩니다.
'특대형'이 주는 넉넉한 수납 용량
사이즈가 '특대형'인 만큼 용량이 아주 시원시원합니다.
두꺼운 겨울 이불 완벽 수납: 부피를 많이 차지하는 극세사 겨울 이불 한 장은 가뿐하게 들어가고, 일반 사계절용 차렵이불이나 두툼한 패드는 2~3장까지 한 번에 들어갑니다.
입체적인 큐브형 구조: 바닥면이 있는 입체적인 박스 형태로 디자인되어 있어서, 이불을 차곡차곡 접어 넣기가 아주 수월합니다. 평면형 비닐팩처럼 넣으면서 이불이 밀리거나 구겨지지 않아 정리하기가 훨씬 편합니다.
깔끔한 패브릭 외관과 칼각 보관
가장 만족스러운 부분은 압축 후의 모습입니다.
비닐 압축팩은 압축하고 나면 울퉁불퉁하고 못생겨져서 보기 싫었는데, 이 제품은 겉이 깔끔한 모던 패브릭 소재라 이불장에 넣었을 때 시각적으로 정말 단정합니다.
적재가 가능한 '칼각': 파우치가 직사각형 모양을 딱 잡아주기 때문에 이불장 안에 마치 책을 꽂듯 세워서 보관하거나, 위로 2단 3단 차곡차곡 쌓아 올릴 수 있습니다. 미끄러져 내리지 않으니 이불장 공간 활용도가 200% 정돈된 느낌입니다.
이동용 손잡이: 파우치 옆면에 튼튼한 손잡이가 달려 있어서 무거운 이불을 이불장 높은 칸에 넣거나 꺼낼 때 힘들이지 않고 슥 잡아당기기 좋습니다.
️ 탄탄한 지퍼와 내구성
기존 비닐 압축팩들은","나쁨
2%
동일한 상품에 대해 작성된 상품 리뷰로, 판매자는 다를 수 있습니다.
상품리뷰 운영원칙
1187
더보기
베스트순
최신순
모든 별점
오드리갱 
2026.06.14
판매자: 주식회사 바냐 (BANYA Inc.)
리빙스냅 이불 압축 파우치 특대형, 베이지, 2개, XL(42 x 51 x 25 cm)
0:11
이불장 다이어트의 1등 공신, 압축력과 첫인상
철 지난 두꺼운 겨울 이불과 손님용 패드 때문에 이불장이 터지기 직전이라 반신반의하며 들였습니다. 기존의",收纳用品场景需求稳定，非明显季节品，全年都有稳定需求。,"11,120~17,375 KRW 预估",用户主要因为解决具体生活场景问题而购买，满意点集中在安装便利、功能直观和性价比，不满点集中在尺寸、耐用度、贴合度或做工细节。,用户主要担心粘贴不牢、安装细节、尺寸预期和局部翘边问题。,如果开发，建议优化尺寸说明、材质耐久、安装体验和细节做工，并做更清晰的场景图与对比卖点。,收纳用品需求明确，评论数 898，月购提示为 한 달간 900명 이상 구매했어요。,打样时重点确认尺寸适配、材质厚度、粘贴/安装稳定性、包装保护和使用说明。,收纳用品值得继续深挖同类竞品，适合建立价格带和差评痛点库。,否,非明显季节品，全年都有稳定需求。,全年,未上传,搜索词：수납용품；搜索排序约 9；卖家：뉴비온。,不确定,不确定,否,否,否,否,否,中,低,否,不确定,否,中,中,中,低,普通测试,计算利润,B,是,无,2026-06-19
냥멍하우스 바스락북 강아지 혼자놀기 소리나는 신문책 장난감,냥멍하우스 바스락북 狗用 혼자놀기 소리나는 신문책 장난감,Coupang,https://www.coupang.com/vp/products/9135007357,https://thumbnail.coupangcdn.com/thumbnails/remote/492x492ex/image/vendor_inventory/f019/c36c2a94101efbb5ac5e78de82dc27d3e20fdcd6874cd4181e46af21f921.png,제니셀렉트(JENI SELECT),宠物小用品,未分配,不确定,不确定,로켓배송,品牌卖家,未显示,화이트,실리콘,180g,未显示,"4,260 KRW","1,619 KRW 预估",不确定,低（预估）,不确定,11.6% 预估,需要测试,不确定,不确定,中,"한 달간 1,000명 이상 구매했어요",833,4.6,未显示,平台转化门槛低 / 材质卖点清晰 / 轻小件，适合继续测算,"반려동물 용품, 냥멍하우스, 바스락북, 강아지, 혼자놀기, 소리나는, 신문책, 장난감","상품 리뷰
833
700명 이상 만족했어요
최고
80%
좋음
8%
보통
7%
별로
2%
나쁨
3%
동일한 상품에 대해 작성된 상품 리뷰로, 판매자는 다를 수 있습니다.
상품리뷰 운영원칙
624
더보기
베스트순
최신순
모든 별점
동양채소 
2026.05.28
판매자: 제니셀렉트(JENI SELECT)
냥멍하우스 바스락북 강아지 혼자놀기 소리나는 신문책 장난감, one size, 3개, 화이트&블랙
바스락 소리에 강아지가 오래 집중하는 장난감 강추!
강아지가 혼자 있는 시간이 있다 보니 심심해하지 않게 해줄 장난감을 찾다가 구매했어요. 단순 공 장난감은 금방 질려하는 편이라, 바스락 소리 나고 호기심 자극하는 장난감을 찾다가 이 제품을 선택했습니다.

처음 받아보니 진짜 작은 신문책처럼 생겨서 디자인이 귀엽더라고요. 안쪽 소재가 바스락거리는 타입이라 손으로 만져도 소리가 나는데, 강아지가 그 소리에 엄청 관심을 보였습니다. 실제로도 바스락 소리와 촉감 놀이용으로 많이 구매하는 제품이에요.

처음엔 냄새 맡고 앞발로 툭툭 치더니, 금방 물고 흔들면서 혼자 잘 놀더라고요. 특히 바스락 소리가 날 때마다 더 흥미를 느끼는지 계속 가지고 다니면서 놀았습니다. 삑삑이 장난감처럼 너무 시끄럽지 않아서 보호자 입장에서도 부담이 적은 편이었어요.

장난감 자체가 가볍고 납작한 형태라 강아지가 물고 다니기 편해 보였고, 소형견도 부담 없이 사용할 수 있는 크기였습니다. 저희 강아지는 장난감 물어뜯는 걸 좋아하는 편인데, 생각보다 쉽게 찢어지지 않고 꽤 잘 버텨줘서 만족스러웠어요.

또 좋은 점은 혼자서도 비교적 오래 가지고 논다는 점이에요. 공처럼 잠깐 굴리고 끝나는 느낌이 아니라, 바스락거리는 촉감 때문에 계속 관심을 가지는 느낌이라 심심풀이용으로 괜찮았습니다.

전체적으로 강아지 호기심 자극용이나 혼자놀기 장난감으로 만족도가 높은 제품이었어요. 소리나는 장난감 좋아하는 강아지라면 꽤 잘 가지고 놀 것 같은 아이템입니다.
6명에게 도움이 됐어요
신고하기
김*곤 
2026.05.04
판매자: 제니셀렉트(JENI SELECT)
냥멍하우스 바스락북 강아지 혼자놀기 소리나는 신문책 장난감, one size, 3개, 화이트&블랙
바스락 소리에 집중력 최고! 혼자서도 심심할 틈 없는 효자 장난감

최근 강아지가 얌전하게 실내에서 에너지를 풀어야 하거나 혼자 보내는 시간에 심심해할 때 쥐여줄 만한 즐길 거리가 필요했습니다. 너무 격한 놀이보","나쁨
3%
동일한 상품에 대해 작성된 상품 리뷰로, 판매자는 다를 수 있습니다.
상품리뷰 운영원칙
624
더보기
베스트순
최신순
모든 별점
동양채소 
2026.05.28
판매자: 제니셀렉트(JENI SELECT)
냥멍하우스 바스락북 강아지 혼자놀기 소리나는 신문책 장난감, one size, 3개, 화이트&블랙
바스락 소리에 강아지가 오래 집중하는 장난감 강추!
강아지가 혼자 있는 시간이 있다 보니 심심해하지 않게 해줄 장난감을 찾다가 구매했어요. 단순 공 장난감",宠物小用品场景需求稳定，非明显季节品，全年都有稳定需求。,"3,408~5,325 KRW 预估",用户主要因为解决具体生活场景问题而购买，满意点集中在安装便利、功能直观和性价比，不满点集中在尺寸、耐用度、贴合度或做工细节。,用户主要担心粘贴不牢、安装细节、尺寸预期和局部翘边问题。,如果开发，建议优化尺寸说明、材质耐久、安装体验和细节做工，并做更清晰的场景图与对比卖点。,"宠物小用品需求明确，评论数 833，月购提示为 한 달간 1,000명 이상 구매했어요。",打样时重点确认尺寸适配、材质厚度、粘贴/安装稳定性、包装保护和使用说明。,宠物小用品值得继续深挖同类竞品，适合建立价格带和差评痛点库。,否,非明显季节品，全年都有稳定需求。,全年,未上传,搜索词：반려동물 용품；搜索排序约 9；卖家：제니셀렉트(JENI SELECT)。,不确定,不确定,否,否,否,否,否,中,低,否,不确定,否,中,中,高,低,普通测试,计算利润,B,是,无,2026-06-19
"디앤샵 촘촘 미세 방충망 DIY 셀프 교체 세트 완벽구성, 1m x 5m, 1개",디앤샵 高密度 미세 防虫网 DIY 自助更换套装 완벽구성，1m x 5m，1개,Coupang,https://www.coupang.com/vp/products/8522998261,https://thumbnail.coupangcdn.com/thumbnails/remote/492x492ex/image/vendor_inventory/8aab/323c470a87e3d29ecab79951ceaf5e4d89c07be736b0d9386846c7472447.jpg,주식회사 디앤디,防虫网相关用品,未分配,不确定,不确定,로켓배송,品牌卖家,10CM x 4.5M,블랙,화이바,20g,未显示,"21,510 KRW","8,174 KRW 预估",不确定,中（预估）,不确定,11.6% 预估,需要测试,不确定,不确定,中,한 달간 600명 이상 구매했어요,647,4.6,未显示,免打孔/易安装 / 防虫需求明确 / 平台转化门槛低 / 材质卖点清晰,"방충망, 디앤샵, 촘촘, 미세, 방충망, DIY, 셀프, 교체, 세트","상품 리뷰
647
500명 이상 만족했어요
최고
81%
좋음
12%
보통
4%
별로
1%
나쁨
2%
편리성
아주 편리해요
86%
재질 만족도
아주 마음에 들어요
82%
견고함
아주 견고해요
72%
자세히 보기
동일한 상품에 대해 작성된 상품 리뷰로, 판매자는 다를 수 있습니다.
상품리뷰 운영원칙
476
더보기
베스트순
최신순
모든 별점
송*주 
2026.06.16
판매자: 주식회사 디앤디
디앤샵 촘촘 미세 방충망 DIY 셀프 교체 세트 완벽구성, 1개, 1.2m x 5m
0:05
2만 원대와 30분 투자로 몇십만 원 아꼈어요 최고
[구매 동기]

7살, 8살 두 아들을 키우다 보니 집안 물건이 남아나질 않네요. 아이들이 어릴 때부터 방충망을 몸으로 밀고, 장난감으로 치고, 날카로운 걸로 찍기까지 하니까 방충망이 여기저기 다 찢어졌었어요. 그동안은 임시방편으로 방충망 보수 테이프를 덕지덕지 붙여가며 3~4년을 버텼는데, 날이 더워지니 그 틈새로 모기랑 벌레들이 자꾸 들어와 도저히 안 되겠다 싶더라고요.

업체 기술자분 부르면 거실 테라스 큰 창이라 몇십만 원은 기본으로 깨진다고 해서 고민하다가, 밑져야 본전이라는 마음으로 DIY 셀프 교체 세트를 구매해 봤습니다.


[특장점 및 사용 후기]

✔️ 완벽한 구성과 미친 가성비: 2만원대 저렴한 가격에 미세 방충망은 물론이고 작업에 필요한 밀대, O형 고무 가스켓 등 필요한 도구가 세트로 완벽하게 다 들어있어서 따로 준비할 게 없었어요.

✔️ 생각보다 정말 쉬운 난이도: 남편이 제품 받자마자 뚝딱거리더니, 가장 큰 거실 테라스 창을 단 30분 만에 깔끔하게 갈아버리더라고요! 옆에서 지켜보니까 설명서도 잘 되어 있고 방법이 직관적이라, 어느 정도 손재주가 있는 분들이라면 여자 혼자서도 충분히 도전해 볼 만한 난이도입니다.

✔️ 촘촘하고 탁 트인 시야: 이름 그대로 '촘촘 미세 방충망'이라 기존 기본 방충망보다 구멍이 훨씬 미세해요. 이제 아주 작은 초파리나 모기도 절대 못 들어올 것 같아 안심입니다. 검은색 망이라 밖에서는 안이 잘 안 보이고, 안에서는 밖이 투명하고 깨끗하게 잘 보여서 개방감도 최고예요.


[소재 비교 및 셀프 작업 꿀팁]

✔️ 알루미늄 VS 섬유질 비교: 원래 기존에 설치되어 있던 건 뻣뻣한 알루미늄 재질이었고, 이 제품은 부드러운 섬유질(자가세척 미세망 계열) 재질이에요. 아무래도 금속보다는 장난감이나 충격에 의한 내구성이 살짝 덜할 순 ","나쁨
2%
편리성
아주 편리해요
86%
재질 만족도
아주 마음에 들어요
82%
견고함
아주 견고해요
72%
자세히 보기
동일한 상품에 대해 작성된 상품 리뷰로, 판매자는 다를 수 있습니다.
상품리뷰 운영원칙
476
더보기
베스트순
최신순
모든 별점
송*주 
2026.06.16
판매자: 주식회사 디앤디
디앤샵 촘촘 미세 방충망 DIY 셀프 교체 세트 완벽구성, 1개, 1.2m x 5m
0:05
2만 원대와 30분 투자로 몇십만 원 아꼈어요 최고
[구매 동기]

7",防虫网相关用品场景需求稳定，夏季需求更强，天气变热、防虫、防潮或户外使用场景增加。,"17,208~26,888 KRW 预估",用户主要因为解决具体生活场景问题而购买，满意点集中在安装便利、功能直观和性价比，不满点集中在尺寸、耐用度、贴合度或做工细节。,用户主要担心粘贴不牢、安装细节、尺寸预期和局部翘边问题。,如果开发，建议优化尺寸说明、材质耐久、安装体验和细节做工，并做更清晰的场景图与对比卖点。,防虫网相关用品需求明确，评论数 647，月购提示为 한 달간 600명 이상 구매했어요。,打样时重点确认尺寸适配、材质厚度、粘贴/安装稳定性、包装保护和使用说明。,防虫网相关用品值得继续深挖同类竞品，适合建立价格带和差评痛点库。,是,夏季需求更强，天气变热、防虫、防潮或户外使用场景增加。,夏季,未上传,搜索词：방충망；搜索排序约 9；卖家：주식회사 디앤디。,否,不确定,否,否,否,否,否,中,中,否,不确定,否,中,中,中,中,PB供应,计算利润,A,是,无,2026-06-19
"펀토피아 차량용 썬바이저 카드포켓 안경거치대 지폐수납, 베이지, 1개",펀토피아 车载 썬바이저 카드포켓 안경置物架 지폐收纳，베이지，1개,Coupang,https://www.coupang.com/vp/products/9262665527,https://thumbnail.coupangcdn.com/thumbnails/remote/492x492ex/image/vendor_inventory/ebf2/170f96e01d1165c7ee86330d40ad304c55670de3a68daf46a214041553d8.png,이언글로벌,收纳用品,未分配,不确定,不确定,로켓배송,品牌卖家,未显示,그레이,실리콘,未显示,未显示,"7,500 KRW","2,850 KRW 预估",不确定,中（预估）,不确定,11.6% 预估,需要测试,不确定,不确定,低,未显示,156,4.4,未显示,收纳整理场景明确 / 平台转化门槛低 / 材质卖点清晰,"차량용 소품, 펀토피아, 차량용, 썬바이저, 카드포켓, 안경거치대, 지폐수납, 베이지, 1개","상품 리뷰
156
100명 이상 만족했어요
최고
68%
좋음
16%
보통
11%
별로
2%
나쁨
3%
동일한 상품에 대해 작성된 상품 리뷰로, 판매자는 다를 수 있습니다.
상품리뷰 운영원칙
베스트순
최신순
모든 별점
문*욱 
2026.05.28
판매자: 이언글로벌
펀토피아 차량용 썬바이저 카드포켓 안경거치대 지폐수납, 그레이, 1개
좋네요~
로켓배송이라 좋았으며, 가격대비 제품이 좋네요~
도움이 돼요
신고하기
강*정 
2026.01.07
판매자: 이언글로벌
펀토피아 차량용 썬바이저 카드포켓 안경거치대 지폐수납, 베이지, 1개
운전하면서 자주 쓰는 카드들 (주로 적립이나 할인 카드) 정리 목적으로 사 봤는데 이걸로 깔끔하게 해결됬어요~ 썬바이저에 고정도 잘 되서 흔들림 없고 카드 수납도 많이 되겠더라구요! 베이지 컬러라 차 내부랑 잘 어울리고 깔끔한 느낌이라 만족합니다~
1명에게 도움이 됐어요
신고하기
하*애 
2026.01.09
판매자: 이언글로벌
펀토피아 차량용 썬바이저 카드포켓 안경거치대 지폐수납, 베이지, 1개
주유 할때나 운전하면서 사용하는 카드보관이 용이할꺼 같아서 구입해봤어요.
썬바이저에 설치도 쉽게되고 고정도 잘되어서 너무 편리하게 사용중에 있습니다.
심플한 디자인도 딱 맘에 들어요.
도움이 돼요
신고하기
정*영 
2026.01.08
판매자: 이언글로벌
펀토피아 차량용 썬바이저 카드포켓 안경거치대 지폐수납, 베이지, 1개
운전할 때 카드랑 주차권, 선글라스 둘 데가 없어서 늘 불편했는데
이 선바이저 수납포켓 하나로 정리가 확 됐어요.

카드 슬롯도 넉넉하고 지폐나 영수증, 안경까지 한 번에 수납돼서
차 안이 훨씬 깔끔해졌어요.

베이지 색상이라 차량 내부랑도 잘 어울리고
가죽 느낌도 저렴해 보이지 않아서 만족합니다.
가격 대비 활용도 좋아서 추천해요.
도움이 돼요
신고하기
김*수 
2026.01.14
판매자: 이언글로벌
펀토피아 차량용 썬바이저 카드포켓 안경거치대 지폐수납, 베이지, 1개
운전할 때 자주 쓰는 주유카드랑 주차권 정리용으로 딱이에요.
썬바이저에 끼우기만 하면 돼서 설치도 간단하고
베이지 색상이 차량 내부랑 잘 어울려서 깔끔합니다
카드가 흘러내리지 않고 고정력도 좋아서 주행 중에도 안정적이에요
도움이 돼요
신고하기
이*민 
2026.01.12
판매자: 이언글로벌
펀토피아 차량용 썬바이저 카드포켓 안경거치대 지폐수납, 레드, 1개
맨날 내동댕이 치고 암곳에나 뒀더니
잃어버리기 일쑤이고 찾","나쁨
3%
동일한 상품에 대해 작성된 상품 리뷰로, 판매자는 다를 수 있습니다.
상품리뷰 운영원칙
베스트순
최신순
모든 별점
문*욱 
2026.05.28
판매자: 이언글로벌
펀토피아 차량용 썬바이저 카드포켓 안경거치대 지폐수납, 그레이, 1개
좋네요~
로켓배송이라 좋았으며, 가격대비 제품이 좋네요~
도움이 돼요
신고하기
강*정 
2026.01.07
판매자: 이언글로벌
펀토피아 차량용 썬바이저 카드포켓 안경거치대 지폐수납, 베이지, 1개
운전하면서 자주 쓰는 카드",收纳用品场景需求稳定，夏季需求更强，天气变热、防虫、防潮或户外使用场景增加。,"6,000~9,375 KRW 预估",用户主要因为解决具体生活场景问题而购买，满意点集中在安装便利、功能直观和性价比，不满点集中在尺寸、耐用度、贴合度或做工细节。,用户主要担心粘贴不牢、安装细节、尺寸预期和局部翘边问题。,如果开发，建议优化尺寸说明、材质耐久、安装体验和细节做工，并做更清晰的场景图与对比卖点。,收纳用品需求明确，评论数 156，月购提示为 未显示。,打样时重点确认尺寸适配、材质厚度、粘贴/安装稳定性、包装保护和使用说明。,收纳用品值得继续深挖同类竞品，适合建立价格带和差评痛点库。,是,夏季需求更强，天气变热、防虫、防潮或户外使用场景增加。,夏季,未上传,搜索词：차량용 소품；搜索排序约 9；卖家：이언글로벌。,不确定,不确定,否,否,否,否,否,中,低,否,不确定,否,低,低,高,低,普通测试,继续观察,B,是,无,2026-06-19
리빙코코 국내생산 냉장고 욕실 정리함 트레이,리빙코코 국내생산 냉장고 浴室 收纳盒 트레이,Coupang,https://www.coupang.com/vp/products/9214675786,https://thumbnail.coupangcdn.com/thumbnails/remote/492x492ex/image/vendor_inventory/7df4/e3f1de464748db0fbc3b55a69751e5da1b1b968073f35fda7dc4e24ba85f.png,(주)씨큐라인,浴室用品,未分配,不确定,不确定,로켓배송,品牌卖家,未显示,투명,아크릴,未显示,未显示,"16,900 KRW","6,422 KRW 预估",不确定,低（预估）,不确定,11.6% 预估,需要测试,不确定,不确定,低,한 달간 100명 이상 구매했어요,384,4.9,未显示,免打孔/易安装 / 收纳整理场景明确 / 平台转化门槛低 / 材质卖点清晰,"주방 수납, 리빙코코, 국내생산, 냉장고, 욕실, 정리함, 트레이","상품 리뷰
384
300명 이상 만족했어요
최고
92%
좋음
5%
보통
1%
별로
1%
나쁨
1%
동일한 상품에 대해 작성된 상품 리뷰로, 판매자는 다를 수 있습니다.
상품리뷰 운영원칙
200
더보기
베스트순
최신순
모든 별점
최*형 
2026.06.02
판매자: (주)씨큐라인
리빙코코 국내생산 냉장고 욕실 정리함 트레이, 10개, 화이트, M
정리할 수 있어서 만족 하고 좋아요

상세내용

* 국내 생산 제품
* 화이트 컬러
* M 사이즈
* 10개 구성
* 플라스틱 소재
* 냉장고, 욕실, 주방, 화장대, 서랍 정리 가능
* 손잡이 형태로 꺼내기 편리

사용방법

냉장고

* 음료, 소스, 반찬류 분류 보관
* 이유식 재료 정리
* 아기 간식 보관

욕실

* 로션, 크림, 치약 정리
* 아기 목욕용품 보관
* 세면도구 분리 수납

아기용품

* 물티슈 리필팩 정리
* 수유패드 보관
* 손수건, 양말 정리

올바른 사용법

1. 사용 전 물세척 후 완전히 건조
2. 비슷한 종류끼리 구분 수납
3. 너무 무거운 물건은 한곳에 집중하지 않기
4. 냉장고에서는 내용물이 보이도록 라벨링하면 관리 편리
5. 욕실에서는 물이 고이지 않게 주기적으로 건조

보관방법

* 직사광선 피하기
* 고온 환경 장기 노출 금지
* 사용하지 않을 때는 포개어 보관 가능
* 강한 충격 주의

주의사항

* 전자레인지 사용 불가
* 열탕 소독 권장하지 않음
* 강한 세제 사용 시 변색 가능
* 무거운 유리병 과적재 주의
* 욕실 사용 시 곰팡이 방지를 위해 주기적 세척 필요

장점

✅ 10개 구성이라 가성비 좋음

✅ 국내 생산 제품

✅ 냉장고·욕실·화장대 등 활용도 높음

✅ 화이트 색상이라 깔끔해 보임

✅ 손잡이 구조라 꺼내기 편리

✅ 공간 분리 정리가 쉬움

단점

❌ 뚜껑이 없는 타입

❌ 무거운 물건 보관용으로는 적합하지 않음

❌ 플라스틱이라 강한 충격에 균열 가능

❌ 깊이가 아주 깊은 수납함은 아님

아기 키우는 집 기준 추천도

신생아나 영유아가 있는 집에서는:

* 수유용품
* 젖병솔
* 치발기
* 물티슈
* 로션류
* 비타민D
* 체온계

이런 자주 쓰는 물건을 분리 정리하기 좋아요.

결론

리빙코코 정리함은 화려한 기능보다는 **“저렴하게 여러 공간을 깔끔하게 정리하는 용도”**에 강한 제품이에요. 특히 냉장고 정리나 아기용품 수납용으로 가성비가 좋은 편이고, 10개 세트라 공간별로 나눠 쓰기 편합니다. ","나쁨
1%
동일한 상품에 대해 작성된 상품 리뷰로, 판매자는 다를 수 있습니다.
상품리뷰 운영원칙
200
더보기
베스트순
최신순
모든 별점
최*형 
2026.06.02
판매자: (주)씨큐라인
리빙코코 국내생산 냉장고 욕실 정리함 트레이, 10개, 화이트, M
정리할 수 있어서 만족 하고 좋아요

상세내용

* 국내 생산 제품
* 화이트 컬러
* M 사이즈
* 10개 구성
* 플라스틱 소재
* 냉장고, 욕실, 주방, 화장대, 서랍 정리 가능
* 손잡이 형태로 꺼내",浴室用品场景需求稳定，非明显季节品，全年都有稳定需求。,"13,520~21,125 KRW 预估",用户主要因为解决具体生活场景问题而购买，满意点集中在安装便利、功能直观和性价比，不满点集中在尺寸、耐用度、贴合度或做工细节。,用户主要担心粘贴不牢、安装细节、尺寸预期和局部翘边问题。,如果开发，建议优化尺寸说明、材质耐久、安装体验和细节做工，并做更清晰的场景图与对比卖点。,浴室用品需求明确，评论数 384，月购提示为 한 달간 100명 이상 구매했어요。,打样时重点确认尺寸适配、材质厚度、粘贴/安装稳定性、包装保护和使用说明。,浴室用品值得继续深挖同类竞品，适合建立价格带和差评痛点库。,否,非明显季节品，全年都有稳定需求。,全年,未上传,搜索词：주방 수납；搜索排序约 12；卖家：(주)씨큐라인。,否,不确定,否,否,否,否,否,中,低,否,不确定,否,中,中,中,低,普通测试,申请样品,A,是,无,2026-06-19
"틈새차단 현관 샷시 창문 방풍 모헤어 문풍지 10M, 9mm * 9mm ..., 1개",缝隙阻隔 현관 샷시 창문 防风 모헤어 门缝防风条 10M，9mm * 9mm ...，1개,Coupang,https://www.coupang.com/vp/products/9159379311,https://thumbnail.coupangcdn.com/thumbnails/remote/492x492ex/image/vendor_inventory/b625/62483b74d0a378579bef45f53f7b25d219d681f3a4a0e7f3a7deba6f7b63.jpg,주식회사 트렌드어바웃,门窗密封用品,未分配,不确定,不确定,로켓배송,品牌卖家,9mm x 5mm,그레이,알루미늄,10.5g,未显示,"5,900 KRW","2,242 KRW 预估",不确定,低（预估）,不确定,11.6% 预估,需要测试,不确定,不确定,低,한 달간 200명 이상 구매했어요,66,4.6,未显示,免打孔/易安装 / 防风隔热效果明确 / 平台转化门槛低 / 材质卖点清晰,"문풍지, 틈새차단, 현관, 샷시, 창문, 방풍, 모헤어, 문풍지, 10M","상품 리뷰
66
최고
78%
좋음
15%
보통
4%
별로
0%
나쁨
3%
편리성
아주 편리해요
87%
재질 만족도
아주 마음에 들어요
80%
견고함
아주 견고해요
79%
자세히 보기
동일한 상품에 대해 작성된 상품 리뷰로, 판매자는 다를 수 있습니다.
상품리뷰 운영원칙
22
더보기
베스트순
최신순
모든 별점
조*제 
2025.11.03
판매자: 주식회사 트렌드어바웃
틈새차단 현관 샷시 창문 방풍 모헤어 문풍지 10M, 1개, 9mm * 15mm * 10m
겨울만 되면 틈새로 바람이 솔솔 들어오는데 난방비도
많이 잡아먹고 춥더라구요
문틈이나 샷시에 붙이는 것만으로도 바람이 훨씬 덜
들어오고 따뜻한 실내 온도가 오랫동안 유지가 되는데
가격대비 효과는 정말 기대이상이네요
강력 접착이라 떨어질 걱정도 없고 부드러운 재질이라
열고 닫을때 소음도 줄어들어요
필요한 길이로 잘라서 창문 틈새나 현관문 아래쪽까지
다 쓸 수 있고 밀착력도 우수하고 마감도 깔끔해요
겨울철 난방비 아끼는 데 확실히 도움이 되는 필수템이네요
편리성
아주 편리해요
재질 만족도
아주 마음에 들어요
견고함
아주 견고해요
도움이 돼요
신고하기
강*자 
2025.11.03
판매자: 주식회사 트렌드어바웃
틈새차단 현관 샷시 창문 방풍 모헤어 문풍지 10M, 1개, 9mm * 15mm * 10m
겨울철 찬바람 막는 데 이만한 게 없어요
창문 틈에서 들어오는 바람 때문에 방이 늘 쌀쌀했는데
이 문풍지 붙이고 나서 훨씬 따뜻해졌어요

3M 접착이라 붙일 때도 깔끔하게 고정되고
필요한 길이만큼 잘라서 현관이나 창문에 자유롭게 사용 가능해요
모헤어가 촘촘해서 소리 차단도 되고 먼지 유입도 덜하고
한 번 붙여두면 유지력도 좋아요

설치도 간단해서 혼자서 금방 붙일 수 있고
디자인도 심플해서 눈에 잘 띄지 않네요
효과가 바로 느껴져서 대만족입니다
편리성
아주 편리해요
재질 만족도
아주 마음에 들어요
견고함
아주 견고해요
도움이 돼요
신고하기
정*지 
2025.11.09
판매자: 주식회사 트렌드어바웃
틈새차단 현관 샷시 창문 방풍 모헤어 문풍지 10M, 1개, 9mm * 15mm * 10m
이런 문풍지가 있네요 ㅎㅎ
기존에 알던것보다 털이 더 풍성하게
있어 칼바람도 완벽차단해줄것 같아요
원하는 길이만큼
가위로 뚝딱잘라써도되니 편해요

보호필름만 떼서 원하는 위치에 붙이면되니
설치도 완전 초간단하네요
코너나 모서리부분도 눌러주는대로
완전 밀착되요

강력한 3M접착테이프라
밀착","나쁨
3%
편리성
아주 편리해요
87%
재질 만족도
아주 마음에 들어요
80%
견고함
아주 견고해요
79%
자세히 보기
동일한 상품에 대해 작성된 상품 리뷰로, 판매자는 다를 수 있습니다.
상품리뷰 운영원칙
22
더보기
베스트순
최신순
모든 별점
조*제 
2025.11.03
판매자: 주식회사 트렌드어바웃
틈새차단 현관 샷시 창문 방풍 모헤어 문풍지 10M, 1개, 9mm * 15mm * 10m
겨울만 되면 틈새로 바람이 솔솔 들어오는데 난방비도
많이 잡아먹고 춥",门窗密封用品场景需求稳定，秋冬需求更强，主要用于防风、保温、减少冷气流失。,"4,720~7,375 KRW 预估",用户主要因为解决具体生活场景问题而购买，满意点集中在安装便利、功能直观和性价比，不满点集中在尺寸、耐用度、贴合度或做工细节。,用户主要担心粘贴不牢、安装细节、尺寸预期和局部翘边问题。,如果开发，建议优化尺寸说明、材质耐久、安装体验和细节做工，并做更清晰的场景图与对比卖点。,门窗密封用品需求明确，评论数 66，月购提示为 한 달간 200명 이상 구매했어요。,打样时重点确认尺寸适配、材质厚度、粘贴/安装稳定性、包装保护和使用说明。,门窗密封用品值得继续深挖同类竞品，适合建立价格带和差评痛点库。,是,秋冬需求更强，主要用于防风、保温、减少冷气流失。,秋季 / 冬季,未上传,搜索词：문풍지；搜索排序约 12；卖家：주식회사 트렌드어바웃。,否,不确定,否,否,否,否,否,中,中,否,不确定,否,低,低,高,低,普通测试,申请样品,A,是,无,2026-06-19
"디오벨러 무타공 다용도 욕실 선반 정리대, 화이트, 2개",디오벨러 免打孔 多用途 浴室 선반 整理대，화이트，2개,Coupang,https://www.coupang.com/vp/products/8678469841,https://thumbnail.coupangcdn.com/thumbnails/remote/492x492ex/image/vendor_inventory/b870/38468e42e3ab8e0d2f1c54310d7e75d73eab06426cc73bc201a5aecd0398.png,디벨러,浴室用品,未分配,不确定,不确定,로켓배송,品牌卖家,未显示,화이트,플라스틱,未显示,未显示,"8,500 KRW","3,230 KRW 预估",不确定,低（预估）,不确定,11.6% 预估,需要测试,不确定,不确定,低,未显示,400,4.6,未显示,免打孔/易安装 / 收纳整理场景明确 / 平台转化门槛低 / 材质卖点清晰,"욕실용품, 디오벨러, 무타공, 다용도, 욕실, 선반, 정리대, 화이트, 2개","상품 리뷰
400
300명 이상 만족했어요
최고
82%
좋음
8%
보통
4%
별로
2%
나쁨
4%
디자인
아주 마음에 들어요
67%
편리성
아주 편리해요
73%
크기
적당해요
76%
견고함
아주 견고해요
61%
자세히 보기
동일한 상품에 대해 작성된 상품 리뷰로, 판매자는 다를 수 있습니다.
상품리뷰 운영원칙
163
더보기
베스트순
최신순
모든 별점
노*경 
2026.01.05
판매자: 디벨러
디오벨러 무타공 다용도 욕실 선반 정리대, 화이트, 2개
디오벨러 무타공 다용도 욕실 선반 정리대 후기입니다!!

이번에 이사를 오면서 가장 당황스러웠던 점은 화장실이었습니다. 새로 이사 온 집이 전체적으로 깔끔하기는 했지만, 욕실에 샴푸 하나 올려둘 선반이 단 한 곳도 없었기 때문입니다.


아이를 씻길 때 필요한 용품부터 남편 면도기, 제 화장품, 그리고 각종 청소 세제들까지 모두 바닥에 늘어놓고 사용하자니 매일 물때가 낄 생각에 걱정이 앞섰습니다. 전셋집이라 타일에 구멍을 뚫을 수도 없는 상황이라 고민하던 중, 쿠팡에서 '디오벨러 무타공 다용도 욕실 선반 정리대' 화이트 색상 2개 세트를 구매하게 되었습니다.


직장 생활과 육아를 병행하는 워킹맘으로서 퇴근 후 집안일을 최소화하는 것이 큰 목표인데, 이 제품 덕분에 욕실 정리가 한결 수월해졌습니다. 상세한 리뷰를 작성해 보겠습니다.

제품을 받았을 때 가장 먼저 느낀 점은 디자인이 매우 깔끔하다는 것이었습니다. 화장실 인테리어를 해치지 않는 화이트 톤이라 어떤 타일에도 잘 어울리는 스타일입니다. 30대 직장인 엄마로서 물건을 고를 때 디자인과 실용성을 모두 따지게 되는데, 첫인상에서 큰 만족감을 느꼈습니다.

이사 직후라 짐 정리로 인해 몸이 고된 상태였는데, 이 제품은 별도의 도구 없이 설치가 가능해서 매우 편리했습니다.
선반을 부착할 타일 벽면을 마른 수건으로 닦아 유분과 수분을 제거합니다.
동봉된 강력 접착 패드의 보호 필름을 제거하고 원하는 위치에 부착합니다.
패드 안의 공기가 빠지도록 꾹꾹 눌러준 뒤 선반 본체를 걸어주면끝납니다.


기계 조작에 서툴거나 힘쓰는 일을 부담스러워하는 분들도 1분 내외로 설치할 수 있을 만큼 간편합니다. 벽에 구멍을 뚫지 않아도 되니 나중에 이사를 나갈 때 원상복구 문제를 걱정하지 않아도 된다는 점이 큰 장점입니다.


사용감 및 수납력
무타공 제품이라 접착력이 약해 물건이 떨어지지 않을까 걱정했으나, 실제 사용해 보니 기대 ","나쁨
4%
디자인
아주 마음에 들어요
67%
편리성
아주 편리해요
73%
크기
적당해요
76%
견고함
아주 견고해요
61%
자세히 보기
동일한 상품에 대해 작성된 상품 리뷰로, 판매자는 다를 수 있습니다.
상품리뷰 운영원칙
163
더보기
베스트순
최신순
모든 별점
노*경 
2026.01.05
판매자: 디벨러
디오벨러 무타공 다용도 욕실 선반 정리대, 화이트, 2개
디오벨러 무타공 다용도 욕실 선반 정리대 후기입니다!!

이번에 이사를 오면서 가장 당황스러웠던 점",浴室用品场景需求稳定，非明显季节品，全年都有稳定需求。,"6,800~10,625 KRW 预估",用户主要因为解决具体生活场景问题而购买，满意点集中在安装便利、功能直观和性价比，不满点集中在尺寸、耐用度、贴合度或做工细节。,用户主要担心粘贴不牢、安装细节、尺寸预期和局部翘边问题。,如果开发，建议优化尺寸说明、材质耐久、安装体验和细节做工，并做更清晰的场景图与对比卖点。,浴室用品需求明确，评论数 400，月购提示为 未显示。,打样时重点确认尺寸适配、材质厚度、粘贴/安装稳定性、包装保护和使用说明。,浴室用品值得继续深挖同类竞品，适合建立价格带和差评痛点库。,否,非明显季节品，全年都有稳定需求。,全年,未上传,搜索词：욕실용품；搜索排序约 13；卖家：디벨러。,否,不确定,否,否,否,否,否,中,低,否,不确定,否,中,中,高,低,普通测试,申请样品,A,是,无,2026-06-19
"셔니엘 원하는 사이즈 DIY 셀프시공 자석식 창문 방충망, S (120 x 1..., 1개",셔니엘 원하는 사이즈 DIY 셀프시공 자석식 창문 防虫网，S (120 x 1...，1개,Coupang,https://www.coupang.com/vp/products/7954337160,https://thumbnail.coupangcdn.com/thumbnails/remote/492x492ex/image/vendor_inventory/60b0/edc76ec8adf891b5d3f6ce523561c87021b84800b112c9ff1689618378db.jpg,소미,门窗密封用品,未分配,不确定,不确定,로켓배송,品牌卖家,200cm x 200cm,화이트,화이바,未显示,未显示,"25,200 KRW","9,576 KRW 预估",不确定,低（预估）,不确定,11.6% 预估,需要测试,不确定,不确定,低,한 달간 200명 이상 구매했어요,316,4.4,未显示,免打孔/易安装 / 防虫需求明确 / 平台转化门槛低,"방충망, 셔니엘, 원하는, 사이즈, DIY, 셀프시공, 자석식, 창문, 방충망","상품 리뷰
316
200명 이상 만족했어요
최고
72%
좋음
15%
보통
6%
별로
1%
나쁨
6%
편리성
아주 편리해요
60%
재질 만족도
아주 마음에 들어요
57%
견고함
아주 견고해요
47%
자세히 보기
동일한 상품에 대해 작성된 상품 리뷰로, 판매자는 다를 수 있습니다.
상품리뷰 운영원칙
143
더보기
베스트순
최신순
모든 별점
먀하하 
2026.05.12
판매자: 소미
셔니엘 원하는 사이즈 DIY 셀프시공 자석식 창문 방충망, 1개, S (120 x 150 cm)
모기 완전 차단은 모르겠지만(?) 환기할 때 마음 편해
여름만 되면 벌레랑 모기 때문에 창문 열기가 너무 스트레스라 구매했어요ㅠㅠ
근데 써보니까 생각보다 괜찮아서 어느새 3번째 구매 중입니다ㅎㅎ

처음에는 설명서 봐도 살짝 헷갈렸는데 막상 한번 해보니까 다음부터는 훨씬 쉬웠어요!
제가 설치한 순서는

1. 자석 먼저 창틀에 붙이기
2. 망사는 자르지 말고 일단 통으로 붙이기 (나중에 칼로 정리하는 게 훨씬 편해요!!)
3. 자석 붙이기
4. 마지막으로 PVC 줄 붙이기

이렇게 했는데 제일 수월했어요

물론 업체 시공처럼 완전 빳빳하고 깔끔하게 붙는 느낌은 아니에요.
근데 셀프로 하는 거 감안하면 꽤 만족스러운 편!
환기할 때도 전보다 마음 편하게 창문 열 수 있어서 좋아요ㅋㅋ

솔직히 벌레가 “절대” 안 들어오는지는 모르겠어요…
기존 방충망이랑 같이 쓰는 거라 약간 심리적 안정감(?) 느낌도 있긴 한데 그래도 없는 것보단 훨씬 낫습니다

TMI로 안방, 거실, 옷방까지 3군데 설치했는데 어제 모기 한 마리 발견했어요^^
모기는 그냥 인간과 공존하는 존재인가 봅니다…

그래도 환기 시킬 때 덜 불안하고, 벌레 들어올까 신경 덜 쓰이는 것만으로도 만족합니다!
편리성
보통이에요
재질 만족도
아주 마음에 들어요
견고함
아주 견고해요
4명에게 도움이 됐어요
신고하기
김*은 
2026.04.13
판매자: 소미
셔니엘 원하는 사이즈 DIY 셀프시공 자석식 창문 방충망, 1개, S (120 x 150 cm)
여자 혼자 설치했어요. 사이즈 조절이 가능해서 좋아요
지퍼식 창문형 모기장을 설치했을 때는
사이즈가 맞지 않아 맞추어 재단하느라 힘들었습니다.
제 방 창문 사이즈에는 맞는 제품이 없었습니다.

그런데 이 제품은 붙이고 사이즈에 맞게 자르면 되니
너무 편리합니다.
제 방 창문에 딱 맞게 재단할 수 있어서 좋았어요.

설치 방법

창틀에 길쭉한 자석을 붙","나쁨
6%
편리성
아주 편리해요
60%
재질 만족도
아주 마음에 들어요
57%
견고함
아주 견고해요
47%
자세히 보기
동일한 상품에 대해 작성된 상품 리뷰로, 판매자는 다를 수 있습니다.
상품리뷰 운영원칙
143
더보기
베스트순
최신순
모든 별점
먀하하 
2026.05.12
판매자: 소미
셔니엘 원하는 사이즈 DIY 셀프시공 자석식 창문 방충망, 1개, S (120 x 150 cm)
모기 완전 차단은 모르겠지만(?) 환기할 때 마음 편해
여름만 되면 벌레랑 모",门窗密封用品场景需求稳定，夏季需求更强，天气变热、防虫、防潮或户外使用场景增加。,"20,160~31,500 KRW 预估",用户主要因为解决具体生活场景问题而购买，满意点集中在安装便利、功能直观和性价比，不满点集中在尺寸、耐用度、贴合度或做工细节。,用户主要担心粘贴不牢、安装细节、尺寸预期和局部翘边问题。,如果开发，建议优化尺寸说明、材质耐久、安装体验和细节做工，并做更清晰的场景图与对比卖点。,门窗密封用品需求明确，评论数 316，月购提示为 한 달간 200명 이상 구매했어요。,打样时重点确认尺寸适配、材质厚度、粘贴/安装稳定性、包装保护和使用说明。,门窗密封用品值得继续深挖同类竞品，适合建立价格带和差评痛点库。,是,夏季需求更强，天气变热、防虫、防潮或户外使用场景增加。,夏季,未上传,搜索词：방충망；搜索排序约 13；卖家：소미。,否,不确定,否,否,否,否,否,中,中,否,不确定,否,中,中,中,中,PB供应,计算利润,A,是,无,2026-06-19
Shipshape 길이조절 옷장 레이어드 칸막이 확장형 펀칭 수납정리대,Shipshape 길이조절 옷장 레이어드 칸막이 확장형 펀칭 收纳整理대,Coupang,https://www.coupang.com/vp/products/8618716134,https://thumbnail.coupangcdn.com/thumbnails/remote/492x492ex/image/vendor_inventory/c3fd/0c294829b8d397fcf7645bb1b7fac16ac3e94df10417d8e6a138e91edcd5.jpg,유한회사 디잉이커머스,收纳用品,未分配,不确定,不确定,로켓배송,品牌卖家,未显示,화이트,철제,20KG,未显示,"17,080 KRW","6,490 KRW 预估",不确定,中（预估）,不确定,11.6% 预估,需要测试,不确定,不确定,低,한 달간 100명 이상 구매했어요,163,4.7,未显示,免打孔/易安装 / 收纳整理场景明确 / 平台转化门槛低 / 材质卖点清晰,"옷장 정리, Shipshape, 길이조절, 옷장, 레이어드, 칸막이, 확장형, 펀칭, 수납정리대","상품 리뷰
163
100명 이상 만족했어요
최고
84%
좋음
10%
보통
4%
별로
1%
나쁨
1%
사이즈
딱 맞는 정사이즈예요
78%
디자인
아주 마음에 들어요
79%
크기
적당해요
87%
견고함
아주 견고해요
46%
자세히 보기
동일한 상품에 대해 작성된 상품 리뷰로, 판매자는 다를 수 있습니다.
상품리뷰 운영원칙
60
더보기
베스트순
최신순
모든 별점
happy 
2026.05.29
판매자: 유한회사 디잉이커머스
Shipshape 길이조절 옷장 레이어드 칸막이 확장형 펀칭 수납정리대, 30*42*52~86 cm, 화이트
쓰임이 아주 유용하네요
밀폐용기 모아두는 창고에 분리 하는
칸이 없어서 그냥 쌓아만 두었는데...
정리를 해야지 하면서도 자꾸만 미루게
되고...정리가 영 되질 않아 어지러웠다.
그래서 생각 끝에 마깡한 제품을 찾던중에
길이 조절 옷장 칸막이 가 눈에 띄어서
구매 하게 되었다.
간단한 조립으로 올려두니 칸막이가 바로
뚝딱 생겼다.
정리를 바로 시작했는데...매쉬로 시원하게
아래칸 위칸 시원하게 보이는것이 참 편리하네요
길이조절은 되는데 창고가 그리 넓지않아서
길이는 많이 못늘려서 사용하였어요
조금 넓은 옷장에 하나더 설치하면 아주 유용
할듯해요
자주 사용 안하는 용기는 아래쪽에 두고 자주
사용하는 용기 들은 위에 올려 두고 사용 하려고
정리하니 참 편리하고 묵은 숙제를 끝낸듯
마음이 홀가분 해지고 좋네요^^

*** 매쉬 칸막이라 시원하게 느껴지고 아래 위가
잘 보이는게 장점이네요

*** 조립이 아주 간단해서 10초면 뚝딱....

*** 길이 조절을 늘려보면 아주 마니 늘어나네요
넓은곳에 더 유용하게 쓰일듯해요

*** 다양하게 여러곳에 사용 될듯해요
재구매 두개 더 해서 옷장에 하나해서
티셔츠나 청바지 정리하고...
하나는 베란다 창고 선반에도 설치해서
물티슈 대량구매 한거랑,각티슈나 키친타올
등 을 정리하면 good일듯...
어디 사용 할지 자꾸 아이디어가 떠올라요
사이즈
생각보다 커요
디자인
아주 마음에 들어요
크기
생각보다 커요
견고함
아주 견고해요
도움이 돼요
신고하기
구하맑 
2026.06.09
판매자: 유한회사 디잉이커머스
Shipshape 길이조절 옷장 레이어드 칸막이 확장형 펀칭 수납정리대, 30*42*52~86 cm, 화이트
공간활용도 최고로 정리 끝판왕!
옷장에 옷은 자꾸 늘어나는데 위쪽 공간이 텅텅 비어서 늘 아까웠거든요. 그렇다고 서랍을 통째로 짜 넣기는 부담스러","나쁨
1%
사이즈
딱 맞는 정사이즈예요
78%
디자인
아주 마음에 들어요
79%
크기
적당해요
87%
견고함
아주 견고해요
46%
자세히 보기
동일한 상품에 대해 작성된 상품 리뷰로, 판매자는 다를 수 있습니다.
상품리뷰 운영원칙
60
더보기
베스트순
최신순
모든 별점
happy 
2026.05.29
판매자: 유한회사 디잉이커머스
Shipshape 길이조절 옷장 레이어드 칸막이 확장형 펀칭 수납정리대, 30*42*52~86 cm, 화이트
쓰임이 아주 유용하네요
",收纳用品场景需求稳定，非明显季节品，全年都有稳定需求。,"13,664~21,350 KRW 预估",用户主要因为解决具体生活场景问题而购买，满意点集中在安装便利、功能直观和性价比，不满点集中在尺寸、耐用度、贴合度或做工细节。,用户主要担心粘贴不牢、安装细节、尺寸预期和局部翘边问题。,如果开发，建议优化尺寸说明、材质耐久、安装体验和细节做工，并做更清晰的场景图与对比卖点。,收纳用品需求明确，评论数 163，月购提示为 한 달간 100명 이상 구매했어요。,打样时重点确认尺寸适配、材质厚度、粘贴/安装稳定性、包装保护和使用说明。,收纳用品值得继续深挖同类竞品，适合建立价格带和差评痛点库。,否,非明显季节品，全年都有稳定需求。,全年,未上传,搜索词：옷장 정리；搜索排序约 13；卖家：유한회사 디잉이커머스。,不确定,不确定,否,否,否,否,否,中,低,否,不确定,否,低,低,中,低,普通测试,计算利润,B,是,无,2026-06-19
"해별홈 현관문 바람막이 방풍 방수 벌레차단 틈새막이, 투명, 2개",해별홈 현관문 바람막이 防风 방수 벌레차단 틈새막이，투명，2개,Coupang,https://www.coupang.com/vp/products/9401708547,https://thumbnail.coupangcdn.com/thumbnails/remote/492x492ex/image/vendor_inventory/f62c/29d4d1b69af6aa0e4146a15b8a9fe6baffbb47a7b28f82c24caeaa994966.jpg,해별홀딩스,门窗密封用品,未分配,不确定,不确定,로켓배송,品牌卖家,45mm x 5m,그레이,실리콘,70g,未显示,"9,700 KRW","3,686 KRW 预估",不确定,低（预估）,不确定,11.6% 预估,需要测试,不确定,不确定,低,한 달간 200명 이상 구매했어요,110,4.7,未显示,免打孔/易安装 / 防风隔热效果明确 / 平台转化门槛低 / 材质卖点清晰,"문풍지, 해별홈, 현관문, 바람막이, 방풍, 방수, 벌레차단, 틈새막이, 투명","상품 리뷰
110
100명 이상 만족했어요
최고
90%
좋음
5%
보통
2%
별로
1%
나쁨
2%
크기
일정해요
94%
견고함
아주 견고해요
86%
자세히 보기
동일한 상품에 대해 작성된 상품 리뷰로, 판매자는 다를 수 있습니다.
상품리뷰 운영원칙
60
더보기
베스트순
최신순
모든 별점
감자언니 
2026.06.17
판매자: 해별홀딩스
해별홈 현관문 바람막이 방풍 방수 벌레차단 틈새막이, 2개, 그레이
❤️ 현관문 틈새 막힘 없이 쾌적한 우리 집! 해별홈 바람막이 덕분에 겨울바람과 벌레 걱정 끝냈어요.

설치가 정말 간편해서 누구나 쉽게 할 수 있답니다. 2개 세트라 현관문 양쪽에 딱 맞게 설치했어요. 그레이 색상도 깔끔하고 예뻐서 집 분위기랑도 잘 어울려요.

설치하고 나니 확실히 바람이 덜 들어와서 집 안이 훨씬 따뜻해졌어요. 창문 틈새로 들어오던 찬 바람도 막아주니 난방비 절약에도 도움이 될 것 같아요.

무엇보다 마음에 드는 건 벌레 차단 효과예요! 여름철에 벌레 들어올까 봐 문 꼭 닫고 지냈는데, 이제는 걱정 없이 지낼 수 있겠어요. 방수 기능도 있어서 비 오는 날에도 안심이에요.

정말 만족스러운 구매였습니다. 꼼꼼한 포장과 빠른 배송도 감사해요. 해별홈 현관문 바람막이, 적극 추천합니다! ❤️
도움이 돼요
신고하기
뵬이 
2026.05.03
판매자: 해별홀딩스
해별홈 현관문 바람막이 방풍 방수 벌레차단 틈새막이, 2개, 그레이
바람 같은건 안들어오는거 같은데 옆옆집 할배가 바선생을 자꾸만 생산하셔서ㅠㅠ
공포와 불안과 고통 속에 살고 있듬.
좀 얇은 풍지판 붙여봤는데 영 신통치 않은거 같아서 새로 사봤음
탄력이 좋고 두께도 좀 있어서 벌레 들어올 틈도 안나고 밀고 들오지도 못할꺼 같아서 짱만족임
3명에게 도움이 됐어요
신고하기
남*숙 
2026.05.08
판매자: 해별홀딩스
해별홈 현관문 바람막이 방풍 방수 벌레차단 틈새막이, 2개, 그레이
집에 외풍이 좀 들어서ㅠㅠ 바람막이 틈새막이 주문했써요 !!
치수나 이런거 잴 필요 없이. 붙이기만 하면, 휘면서 바람을 막아주니 넘 좋네요 !!
2개라서 하나 실수해도 샵가넝 ㅎㅎ
도움이 돼요
신고하기
정*희 
2026.03.12
판매자: 해별홀딩스
해별홈 현관문 바람막이 방풍 방수 벌레차단 틈새막이, 2개, 그레이
세탁실문 아래 틈으로 바람이 들어오는 게 신경 쓰여서 구매했는데 설치하고 나니 확실히 효과가 있네요. 길이도 적당해서 대부분의 현관문에 무난하게 맞","나쁨
2%
크기
일정해요
94%
견고함
아주 견고해요
86%
자세히 보기
동일한 상품에 대해 작성된 상품 리뷰로, 판매자는 다를 수 있습니다.
상품리뷰 운영원칙
60
더보기
베스트순
최신순
모든 별점
감자언니 
2026.06.17
판매자: 해별홀딩스
해별홈 현관문 바람막이 방풍 방수 벌레차단 틈새막이, 2개, 그레이
❤️ 현관문 틈새 막힘 없이 쾌적한 우리 집! 해별홈 바람막이 덕분에 겨울바람과 벌레 걱정 끝냈어요.

설치가 정말 간편해서 누구나 쉽게 할 수 있",门窗密封用品场景需求稳定，秋冬需求更强，主要用于防风、保温、减少冷气流失。,"7,760~12,125 KRW 预估",用户主要因为解决具体生活场景问题而购买，满意点集中在安装便利、功能直观和性价比，不满点集中在尺寸、耐用度、贴合度或做工细节。,用户主要担心粘贴不牢、安装细节、尺寸预期和局部翘边问题。,如果开发，建议优化尺寸说明、材质耐久、安装体验和细节做工，并做更清晰的场景图与对比卖点。,门窗密封用品需求明确，评论数 110，月购提示为 한 달간 200명 이상 구매했어요。,打样时重点确认尺寸适配、材质厚度、粘贴/安装稳定性、包装保护和使用说明。,门窗密封用品值得继续深挖同类竞品，适合建立价格带和差评痛点库。,是,秋冬需求更强，主要用于防风、保温、减少冷气流失。,秋季 / 冬季,未上传,搜索词：문풍지；搜索排序约 13；卖家：해별홀딩스。,不确定,不确定,否,否,否,否,否,中,低,否,不确定,否,低,低,高,低,普通测试,计算利润,B,是,无,2026-06-19
이루모아 소음 방지 차단 수면 이어플러그 귀마개,이루모아 소음 방지 차단 수면 이어플러그 귀마개,Coupang,https://www.coupang.com/vp/products/9540707601,https://thumbnail.coupangcdn.com/thumbnails/remote/492x492ex/image/vendor_inventory/2d07/0bbd2181e68d86c955665a2559e9e679e5a82eceaced2989f5bc6df0a784.jpg,이루커머스,生活用品,未分配,不确定,不确定,로켓배송,品牌卖家,未显示,아이보리,실리콘,2.7g,未显示,700 KRW,"1,000 KRW 预估",不确定,低（预估）,不确定,11.6% 预估,需要测试,不确定,不确定,低,"한 달간 1,000명 이상 구매했어요",44,4.3,未显示,平台转化门槛低 / 材质卖点清晰 / 轻小件，适合继续测算,"생활용품, 이루모아, 소음, 방지, 차단, 수면, 이어플러그, 귀마개","상품 리뷰
44
최고
79%
좋음
0%
보통
6%
별로
9%
나쁨
6%
성능
기대 이상 뛰어나요
50%
자세히 보기
동일한 상품에 대해 작성된 상품 리뷰로, 판매자는 다를 수 있습니다.
상품리뷰 운영원칙
베스트순
최신순
모든 별점
조*주 
2026.05.29
판매자: 이루커머스
이루모아 소음 방지 차단 수면 이어플러그 귀마개, 5쌍, 1개
좋아요
필요해서 샀는데 천원대도안해서
로켓와우가입자는 무료배송에 착한가격 감사할따름입니다:)
가성비 가격대비 좋습니당
성능
기대 이상 뛰어나요
2명에게 도움이 됐어요
신고하기
라임제스트 
2026.06.10
판매자: 이루커머스
이루모아 소음 방지 차단 수면 이어플러그 귀마개, 5쌍, 1개
오우 소음이 확연히 줄어든다
소음차단 짱짱맨
컬러도 너무 좋다
성능
기대 이상 뛰어나요
도움이 돼요
신고하기
하*호 
2026.05.29
판매자: 이루커머스
이루모아 소음 방지 차단 수면 이어플러그 귀마개, 5쌍, 1개
가성비는 좋은데. 식초 냄새가 납니다. 그래도 만족ㅎ
추천!!
성능
기대 이상 뛰어나요
2명에게 도움이 됐어요
신고하기
허*옥 
2026.06.03
판매자: 이루커머스
이루모아 소음 방지 차단 수면 이어플러그 귀마개, 5쌍, 1개
아무리 구겨 넣어도 빠져 나와요 ㅡ.ㅡ
성능
기대에 못 미쳐요
신고하기
강*규 
2026.06.02
판매자: 이루커머스
이루모아 소음 방지 차단 수면 이어플러그 귀마개, 5쌍, 1개
소음 차단도 안 되고 귓구멍에서 자꾸 빠져 나와서 쓸모 없는 물건. 7백원에 그냥 라면이나 하나 사 드세요 다들.
성능
기대에 못 미쳐요
1명에게 도움이 됐어요
신고하기
김*찬 
2026.06.09
판매자: 이루커머스
이루모아 소음 방지 차단 수면 이어플러그 귀마개, 5쌍, 1개
이런걸 왜팔지
소음차단 전혀 안됩니다. 그냥 솜 귀에다 넣어둔느낌이고
들리는 소리의 크기도 전혀 줄지 않습니다. 모든 소리를 그대로 듣습니다. 귓속말 수준 말도 다들립니다.
성능이 있어야 가성비지 이건 무가치합니다.
성능
기대에 못 미쳐요
2명에게 도움이 됐어요
신고하기
박*현 
2026.06.18
판매자: 이루커머스
이루모아 소음 방지 차단 수면 이어플러그 귀마개, 5쌍, 1개
신고하기
김*수 
2026.06.18
판매자: 이루커머스
이루모아 소음 방지 차단 수면 이어플러그 귀마개, 5쌍, 1개
신고하기
기*지 
2026.06.18
판매자: 이루커머스
이루모아 소음 방지 차단 수면 이어플러그 ","나쁨
6%
성능
기대 이상 뛰어나요
50%
자세히 보기
동일한 상품에 대해 작성된 상품 리뷰로, 판매자는 다를 수 있습니다.
상품리뷰 운영원칙
베스트순
최신순
모든 별점
조*주 
2026.05.29
판매자: 이루커머스
이루모아 소음 방지 차단 수면 이어플러그 귀마개, 5쌍, 1개
좋아요
필요해서 샀는데 천원대도안해서
로켓와우가입자는 무료배송에 착한가격 감사할따름입니다:)
가성비 가격대비 좋습니당
성능
기대 이상 뛰어나요
2명에게 도움이 됐어요
신고하기
라임제스트",生活用品场景需求稳定，非明显季节品，全年都有稳定需求。,560~875 KRW 预估,用户主要因为解决具体生活场景问题而购买，满意点集中在安装便利、功能直观和性价比，不满点集中在尺寸、耐用度、贴合度或做工细节。,用户主要担心粘贴不牢、安装细节、尺寸预期和局部翘边问题。,如果开发，建议优化尺寸说明、材质耐久、安装体验和细节做工，并做更清晰的场景图与对比卖点。,"生活用品需求明确，评论数 44，月购提示为 한 달간 1,000명 이상 구매했어요。",打样时重点确认尺寸适配、材质厚度、粘贴/安装稳定性、包装保护和使用说明。,生活用品值得继续深挖同类竞品，适合建立价格带和差评痛点库。,否,非明显季节品，全年都有稳定需求。,全年,未上传,搜索词：생활용품；搜索排序约 13；卖家：이루커머스。,不确定,不确定,否,否,否,否,否,中,低,否,不确定,否,低,低,低,低,普通测试,计算利润,B,是,无,2026-06-19
"스피세프 나방파리 초파리 트랩 벼룩파리 끈끈이 제거, 29g, 6개",스피세프 나방파리 초파리 트랩 벼룩파리 끈끈이 제거，29g，6개,Coupang,https://www.coupang.com/vp/products/8732317663,https://thumbnail.coupangcdn.com/thumbnails/remote/492x492ex/image/vendor_inventory/images/5c47a056-1c4f-4fcf-96b7-133914951e7d3465851139934312109.jpg,덕경트레이드 주식회사,生活用品,未分配,不确定,不确定,로켓배송,品牌卖家,未显示,그린,未显示,32g,未显示,"5,900 KRW","2,242 KRW 预估",不确定,低（预估）,不确定,11.6% 预估,需要测试,不确定,不确定,中,"한 달간 4,000명 이상 구매했어요",4114,4.3,未显示,平台转化门槛低 / 轻小件，适合继续测算 / 轻小件，适合继续测算,"생활용품, 스피세프, 나방파리, 초파리, 트랩, 벼룩파리, 끈끈이, 제거, 29g","상품 리뷰
4,114
3,000명 이상 만족했어요
최고
75%
좋음
8%
보통
6%
별로
3%
나쁨
8%
편리성
아주 편리해요
63%
크기
적당해요
79%
자세히 보기
동일한 상품에 대해 작성된 상품 리뷰로, 판매자는 다를 수 있습니다.
상품리뷰 운영원칙
1374
더보기
베스트순
최신순
모든 별점
콩콩쿠 
2026.06.16
판매자: 덕경트레이드 주식회사
스피세프 나방파리 초파리 트랩 벼룩파리 끈끈이 제거, 3개, 29g
다 잡혀라 초파리!!
❤️안녕하세요 오늘도 솔직한 콩콩쿠 입니다❤️

❤️오늘 구매 제품은 초파리 박멸 !!
⭐️스피세프 나방파리 초파리 트랩 끈끈이 제거제 입니다⭐️

❤️구매 계기
이제 여름철이 되니까 음식이 없더라도 자꾸 어디선가
초파리가 날라다니는데 너무 거슬려서 잡으려고 하면 도망가고
잡으려고 하면 사라져서 이 트랩을 한 번 사용해보자 해서
바로 구매후 사용해봤습니다

✅️스피세프 초파리 트랩 끈끈이 제거제 장점

✔️간편한 설치로 간편하게 박멸할 수 있습니다
설치하는 방법은 정말 누구나 할 수 있을 정도로 간편하고

(다만 끈적거리니 손에 안 닿게 주의해주세요 !!)

내가 초파리가 많이 보인다 하시는 곳에 세워두시면

알아서 이 바보같은 초파리들이 거기에 다 붙어줍니다 !!

✔️강한 접착력으로 초파리 도망 XXX
접착력이 처음에 왔을때 포장지를 뜯을 때 부터

정말 강하겠다 싶었는데 초파리들이 이제 잡히는 거 보면

한 마리도 빠짐 없이 다 그자리 그대로 붙어서 움직이지 못합니다

✔️추천 드리는 분
-집에 초파리가 자주 보인다 하시는 분
-초파리 내 손으로 잡고 싶은데 도저히 안 잡히시는 분
-잡으려 해도 자꾸 도망가는 초파리 가만히 놔두고 박멸하고 싶으신 분

⭕⭕최종 후기⭕⭕
처음에는 효과가 없어서 이게 잡히는건가 싶었는데
하루 지나면 한 마리 하루 지나면 두 마리 이렇게 잡히니까
매일마다 초파리 트랩에 잡히는 초파리들 보며 아주 통쾌합니다 !!
진짜 너무 통쾌해서 얼른 다 박멸 되었으면 좋겠습니다
구매하시고 처음에는 효과 없다고 효과 있는거야 하시는 분들
기다림과의 싸움에서 승리해서 효과보세요 !!
오늘도 좋은 제품 감사합니다 ~~‼️ʕ ᐢ ᵕ ᐢ ʔʕ ᐢ ᵕ ᐢ ʔ

❤️제 긴 리뷰를 봐주셔서 감사합니다❤️

괜찮으시다면 아래 도움이 돼요도 한 번씩 부탁드리겠습니다!!

좋은 하루 되세요 감사합니다 ˁ ˈ ᵕ ˈ ˀ♡ˁ ˈ ᵕ ˈ ˀ♡ˁ ˈ ᵕ ˈ ˀ♡
(지극히 개인적인","나쁨
8%
편리성
아주 편리해요
63%
크기
적당해요
79%
자세히 보기
동일한 상품에 대해 작성된 상품 리뷰로, 판매자는 다를 수 있습니다.
상품리뷰 운영원칙
1374
더보기
베스트순
최신순
모든 별점
콩콩쿠 
2026.06.16
판매자: 덕경트레이드 주식회사
스피세프 나방파리 초파리 트랩 벼룩파리 끈끈이 제거, 3개, 29g
다 잡혀라 초파리!!
❤️안녕하세요 오늘도 솔직한 콩콩쿠 입니다❤️

❤️오늘 구매 제품은 초파리 박멸 !!
⭐️스피세프 나방파리 초파",生活用品场景需求稳定，非明显季节品，全年都有稳定需求。,"4,720~7,375 KRW 预估",用户主要因为解决具体生活场景问题而购买，满意点集中在安装便利、功能直观和性价比，不满点集中在尺寸、耐用度、贴合度或做工细节。,用户主要担心粘贴不牢、安装细节、尺寸预期和局部翘边问题。,如果开发，建议优化尺寸说明、材质耐久、安装体验和细节做工，并做更清晰的场景图与对比卖点。,"生活用品需求明确，评论数 4114，月购提示为 한 달간 4,000명 이상 구매했어요。",打样时重点确认尺寸适配、材质厚度、粘贴/安装稳定性、包装保护和使用说明。,生活用品值得继续深挖同类竞品，适合建立价格带和差评痛点库。,否,非明显季节品，全年都有稳定需求。,全年,未上传,搜索词：생활용품；搜索排序约 14；卖家：덕경트레이드 주식회사。,不确定,不确定,否,否,否,否,否,中,低,否,不确定,否,高,高,高,低,普通测试,计算利润,B,是,无,2026-06-19
마마쇼 세이프락 강아지 고양이 켄넬 이동장 캐리어,마마쇼 세이프락 狗用 猫用 켄넬 이동장 캐리어,Coupang,https://www.coupang.com/vp/products/8363963826,https://thumbnail.coupangcdn.com/thumbnails/remote/492x492ex/image/vendor_inventory/e136/2f46b610c2ed8a122068df72c465e7fd22f6ae721bcf6da1edb53f188440.jpg,주식회사 범진,宠物小用品,未分配,不确定,不确定,로켓배송,品牌卖家,未显示,브라운,플라스틱,5kg,未显示,"24,580 KRW","9,340 KRW 预估",不确定,低（预估）,不确定,11.6% 预估,需要测试,不确定,不确定,中,한 달간 200명 이상 구매했어요,754,4.6,未显示,平台转化门槛低 / 材质卖点清晰 / 轻小件，适合继续测算,"반려동물 용품, 마마쇼, 세이프락, 강아지, 고양이, 켄넬, 이동장, 캐리어","상품 리뷰
754
600명 이상 만족했어요
최고
81%
좋음
12%
보통
3%
별로
1%
나쁨
3%
동일한 상품에 대해 작성된 상품 리뷰로, 판매자는 다를 수 있습니다.
상품리뷰 운영원칙
131
더보기
베스트순
최신순
모든 별점
변*민 
2026.04.25
판매자: 주식회사 범진
마마쇼 세이프락 강아지 고양이 켄넬 이동장 캐리어, 150 (32 x 48 x 30cm), 브라운, 1개
부드럽게 정리해보면 전반적으로 이동 안정감이 잘 잡힌 켄넬 캐리어였어요
브라운 컬러라 실내에서도 크게 튀지 않고 무난하게 어울리는 느낌이에요
문 잠금 구조가 단단한 편이라 외출 이동 시 불안감이 적었어요
크기 150 기준으로 소형~중형 반려동물 데일리 이동용으로 적당했어요

실제로 사용해보면 가장 먼저 느껴지는 건 “생각보다 튼튼하다”는 점이에요. 단순히 가벼운 이동장 느낌이 아니라 전체 프레임이 꽤 안정감 있게 잡혀 있어서 이동 중 흔들림이 적었어요. 특히 차에 태우거나 잠깐 이동할 때 반려동물이 안에서 불안해하지 않고 비교적 안정적으로 있는 모습이었어요.

세이프락 구조가 있어서 문 닫힘 부분이 단단하게 고정되는 느낌이 있었어요. 일반적인 이동장은 이동 중에 혹시 열릴까 걱정되는 경우가 있는데, 이 제품은 그런 불안감이 줄어드는 편이었어요. 그래서 외출이나 병원 이동처럼 짧지만 중요한 이동 상황에서 더 안심되고 사용하기 좋았어요.

사이즈 150 기준으로는 소형견이나 고양이 1마리 이동용으로 적당했어요. 내부 공간이 완전히 넉넉한 편은 아니지만 그렇다고 답답하지도 않아서 이동용으로 딱 맞는 느낌이에요. 앉거나 엎드리는 자세는 충분히 가능했고, 장시간 이동보다는 짧은 외출용으로 더 잘 맞는 구조였어요.

브라운 색상도 실제로 보면 생각보다 차분해서 집 안에 두어도 크게 거슬리지 않았어요. 반려동물 용품 특유의 튀는 느낌이 덜해서 보관용으로도 괜찮았고, 전체적으로 디자인이 과하지 않아 무난하게 오래 쓰기 좋은 스타일이었어요.

조립이나 사용 방법도 복잡하지 않아서 처음 쓰는 사람도 어렵지 않게 사용할 수 있었어요. 문 여닫는 구조나 고정 방식도 직관적인 편이라 익숙해지면 빠르게 사용할 수 있었고, 이동 준비 시간도 길지 않았어요.

전체적으로 보면 가성비보다는 “안정감 있는 이동용 켄넬”에 가까운 제품이라 외출이나 병원 이동이 잦은 반려동물 가정에서는 만족도가 높은 타입이라고 느껴졌어요.
2명에게 도움이 됐어요
신고하기
꽃길만걷자 ","나쁨
3%
동일한 상품에 대해 작성된 상품 리뷰로, 판매자는 다를 수 있습니다.
상품리뷰 운영원칙
131
더보기
베스트순
최신순
모든 별점
변*민 
2026.04.25
판매자: 주식회사 범진
마마쇼 세이프락 강아지 고양이 켄넬 이동장 캐리어, 150 (32 x 48 x 30cm), 브라운, 1개
부드럽게 정리해보면 전반적으로 이동 안정감이 잘 잡힌 켄넬 캐리어였어요
브라운 컬러라 실내에서도 크게 튀지 않고 무난하게 어울리는 느낌이에요
문 잠금 구조가 단단한 편이",宠物小用品场景需求稳定，非明显季节品，全年都有稳定需求。,"19,664~30,725 KRW 预估",用户主要因为解决具体生活场景问题而购买，满意点集中在安装便利、功能直观和性价比，不满点集中在尺寸、耐用度、贴合度或做工细节。,用户主要担心粘贴不牢、安装细节、尺寸预期和局部翘边问题。,如果开发，建议优化尺寸说明、材质耐久、安装体验和细节做工，并做更清晰的场景图与对比卖点。,宠物小用品需求明确，评论数 754，月购提示为 한 달간 200명 이상 구매했어요。,打样时重点确认尺寸适配、材质厚度、粘贴/安装稳定性、包装保护和使用说明。,宠物小用品值得继续深挖同类竞品，适合建立价格带和差评痛点库。,否,非明显季节品，全年都有稳定需求。,全年,未上传,搜索词：반려동물 용품；搜索排序约 14；卖家：주식회사 범진。,不确定,不确定,否,否,否,否,否,中,低,否,不确定,否,中,中,中,低,普通测试,计算利润,B,是,无,2026-06-19
"데오람 전차종 호환 자동차 시트 틈새 쿠션, 베이지, 2개",데오람 전차종 호환 자동차 시트 틈새 쿠션，베이지，2개,Coupang,https://www.coupang.com/vp/products/9268598170,https://thumbnail.coupangcdn.com/thumbnails/remote/492x492ex/image/vendor_inventory/7acf/03f2a701a261d3a7ca0c707b527f3061334c9eb65384ccfa7504a01b622d.jpg,산지담다,门窗密封用品,未分配,不确定,不确定,일반배송,品牌卖家,未显示,베이지,플라스틱,20g,未显示,"3,900 KRW","1,482 KRW 预估",不确定,低（预估）,不确定,11.6% 预估,需要测试,不确定,不确定,中,한 달간 100명 이상 구매했어요,525,4.9,未显示,防风隔热效果明确 / 材质卖点清晰 / 轻小件，适合继续测算,"차량용 소품, 데오람, 전차종, 호환, 자동차, 시트, 틈새, 쿠션, 베이지","상품 리뷰
525
500명 이상 만족했어요
최고
95%
좋음
2%
보통
1%
별로
1%
나쁨
1%
사이즈
딱 맞는 정사이즈예요
97%
디자인
아주 마음에 들어요
98%
편리성
아주 편리해요
98%
재질 만족도
아주 마음에 들어요
97%
자세히 보기
동일한 상품에 대해 작성된 상품 리뷰로, 판매자는 다를 수 있습니다.
상품리뷰 운영원칙
328
더보기
베스트순
최신순
모든 별점
김민희 
2026.04.05
판매자: 산지담다
데오람 전차종 호환 자동차 시트 틈새 쿠션, 블랙, 2개
모닝에 장착했어요!
차량용 틈새 쿠션은 사실 있으면 삶의 질 올라가는 아이템인데, 이번에 데오람 제품 써보고 왜 다들 필수템이라고 하는지 알겠더라구요. 평소에 운전하다 보면 핸드폰이나 카드, 동전 같은 게 시트 틈 사이로 빠지는 경우 은근 많잖아요. 한 번 빠지면 진짜 꺼내기 너무 번거롭고 스트레스인데, 이거 끼워두니까 그런 일이 아예 없어져서 너무 편해요. 실제로 차량 시트 틈새로 작은 물건이 자주 떨어진다는 사용자 경험도 많고, 이런 쿠션 제품이 그걸 방지해주는 역할을 한다고 하더라구요. ￼

일단 설치가 진짜 간단해서 좋았어요. 그냥 시트랑 콘솔 사이에 쏙 끼워 넣으면 끝이라 누구나 쉽게 할 수 있고, 별도 공구나 복잡한 과정이 필요 없어요. 그리고 전차종 호환이라 그런지 제 차에도 딱 맞게 들어가서 들뜸 없이 깔끔하게 밀착되는 느낌이었어요. 너무 헐렁하지도 않고, 그렇다고 빡빡해서 넣기 힘들지도 않은 적당한 사이즈라 만족스러웠어요.

재질도 생각보다 괜찮아요. 너무 딱딱하지 않고 적당히 쿠션감이 있어서 팔이나 허벅지가 닿아도 불편함 없고, 장거리 운전할 때도 거슬리지 않았어요. 오히려 틈이 메워지니까 자세도 좀 더 안정적인 느낌이 들더라구요. 블랙 색상이라 차 내부랑도 자연스럽게 어울리고, 이질감 없이 깔끔하게 정리된 느낌이라 인테리어적으로도 괜찮았어요.
사이즈
딱 맞는 정사이즈예요
디자인
아주 마음에 들어요
편리성
아주 편리해요
재질 만족도
아주 마음에 들어요
1명에게 도움이 됐어요
신고하기
차미근 
2026.04.07
판매자: 산지담다
데오람 전차종 호환 자동차 시트 틈새 쿠션, 블랙, 2개
✅ 틈새 완벽 차단
✅ 핸드폰 거치 가능
✅ 간편한 설치
✅ 가성비 우수


✨ 운전하다 보면 좌석과 콘솔 사이로 핸드폰이나 동전 떨어지는 게 은근 스트레스였는데(지금도 바닥내부에 동전이나ㅈ무언가있어요ㅠ)이 틈새 쿠션 사용하고 나서 그런 걱","나쁨
1%
사이즈
딱 맞는 정사이즈예요
97%
디자인
아주 마음에 들어요
98%
편리성
아주 편리해요
98%
재질 만족도
아주 마음에 들어요
97%
자세히 보기
동일한 상품에 대해 작성된 상품 리뷰로, 판매자는 다를 수 있습니다.
상품리뷰 운영원칙
328
더보기
베스트순
최신순
모든 별점
김민희 
2026.04.05
판매자: 산지담다
데오람 전차종 호환 자동차 시트 틈새 쿠션, 블랙, 2개
모닝에 장착했어요!
차량용 틈새 쿠션은 사실 있으면 삶의 질 올라가는 아",门窗密封用品场景需求稳定，非明显季节品，全年都有稳定需求。,"3,120~4,875 KRW 预估",用户主要因为解决具体生活场景问题而购买，满意点集中在安装便利、功能直观和性价比，不满点集中在尺寸、耐用度、贴合度或做工细节。,用户主要担心粘贴不牢、安装细节、尺寸预期和局部翘边问题。,如果开发，建议优化尺寸说明、材质耐久、安装体验和细节做工，并做更清晰的场景图与对比卖点。,门窗密封用品需求明确，评论数 525，月购提示为 한 달간 100명 이상 구매했어요。,打样时重点确认尺寸适配、材质厚度、粘贴/安装稳定性、包装保护和使用说明。,门窗密封用品值得继续深挖同类竞品，适合建立价格带和差评痛点库。,否,非明显季节品，全年都有稳定需求。,全年,未上传,搜索词：차량용 소품；搜索排序约 14；卖家：산지담다。,不确定,不确定,否,否,否,否,否,中,低,否,不确定,否,中,中,低,低,普通测试,计算利润,B,是,无,2026-06-19
"스카치 실외용 문풍지 중형, 2개",스카치 실외용 门缝防风条 중형，2개,Coupang,https://www.coupang.com/vp/products/145247829,https://thumbnail.coupangcdn.com/thumbnails/remote/492x492ex/image/vendor_inventory/6ff4/abdb3c956ba0e7109763a9d8ee9d7320fbe2ac0933457d70cf26764bcb3c.jpg,엠아이컴퍼니,门窗密封用品,未分配,不确定,不确定,일반배송,品牌卖家,45mm x 5m,투명,실리콘,未显示,未显示,"6,850 KRW","2,603 KRW 预估",不确定,低（预估）,不确定,11.6% 预估,需要测试,不确定,不确定,低,未显示,359,4.7,未显示,免打孔/易安装 / 防风隔热效果明确 / 材质卖点清晰,"문풍지, 스카치, 실외용, 문풍지, 중형, 2개","상품 리뷰
359
300명 이상 만족했어요
최고
80%
좋음
12%
보통
6%
별로
1%
나쁨
1%
발색 정도
예상했던 색감이에요
90%
냄새
거의 안 나요
66%
지속도
금방 날아가요
65%
건조도
금방 말라요
60%
자세히 보기
동일한 상품에 대해 작성된 상품 리뷰로, 판매자는 다를 수 있습니다.
상품리뷰 운영원칙
87
더보기
베스트순
최신순
모든 별점
이*진 
2026.02.15
판매자: 쿠팡(주)
3M 스카치 실외용 문풍지 중형 2294, 1개
단열효과 짱
집 베란다문 틈새로 바람이 ‘슝슝’ 들어오는 게 너무 신경 쓰여서
알아보다가 구매한 3M 스카치 실외용 문풍지 중형이에요.
설치도 쉽고 많이들 쓰는 제품이라 믿고 주문했어요!

일단 제품을 받아서 첫 느낌은 생각보다 부드럽고 길이가 넉넉하다는 점!
중형 사이즈라 보통 문 아래쪽이나 측면 틈새에 거의 맞더라고요.
실제로 제품 설명에도 “실외의 출입문 등에 부착하여 틈새로 들어오는 외풍을 차단”한다고 되어 있듯이 외부에도 쓸 수 있는 방수 재질의 폼이어서 물기 있는 곳에도 문제없이 붙일 수 있었어요.

제가 붙인 곳은 베란다문 아래쪽과 문 옆 틈인데,
설치 방식이 엄청 간단해서 좋았어요. 다른 문풍지들처럼 도구나 별도 접착제가 필요한 게 아니라 그냥 문 틈에 맞춰 붙이면 알아서 밀착되는 타입이라서 혼자서도 쉽게 설치할 수 있었어요. 붙이기 전에 닦아주면 더 잘 붙는다고 설명에 있던 것처럼 창틀이나 문 프레임을 깨끗하게 닦아서 붙였더니 더 잘 붙었어요.

설치하고 나서 가장 먼저 느낀 변화는 찬 바람이 확 줄었다는 것이에요. 예전엔 아침·저녁으로 약간 찬바람만 불어도 실내가 금방 쌀쌀해졌는데, 문풍지를 붙이고 나서는 바람이 거의 들어오지 않아서 난방 효과도 훨씬 좋아졌어요. 특히 베란다문 쪽으로만 들어오던 외풍이 많이 줄어든 게 체감이 되더라고요. 요즘처럼 추운 날씨엔 확실히 도움이 돼요!

그리고 밖에서 소리가 조금 들릴 때도 있었는데, 문풍지 붙이고 나서는 그런 소음도 약간 줄어든 느낌이에요. 완전히 소음을 없애주는 정도는 아니지만, 외부 소리가 조금 덜 들려서 집 안이 더 조용해진 게 만족스러워용


그래도 가격 대비 성능은 괜찮은 편이에요. 제가 산 제품은 너무 비싸지도 않고, 설치도 쉬워서 처음으로 문풍지를 써보는 분들도 부담 없이 쓰기 좋아요. 특히 겨울철 외풍 때문에 난방비가 걱정인 분들, 바람 때문에 집 안이 춥게 느껴지는 분들한테는 추천할 ","나쁨
1%
발색 정도
예상했던 색감이에요
90%
냄새
거의 안 나요
66%
지속도
금방 날아가요
65%
건조도
금방 말라요
60%
자세히 보기
동일한 상품에 대해 작성된 상품 리뷰로, 판매자는 다를 수 있습니다.
상품리뷰 운영원칙
87
더보기
베스트순
최신순
모든 별점
이*진 
2026.02.15
판매자: 쿠팡(주)
3M 스카치 실외용 문풍지 중형 2294, 1개
단열효과 짱
집 베란다문 틈새로 바람이 ‘슝슝’ 들어오는 게 너무 신경 쓰여서
알아보다가 구매한 3",门窗密封用品场景需求稳定，秋冬需求更强，主要用于防风、保温、减少冷气流失。,"5,480~8,563 KRW 预估",用户主要因为解决具体生活场景问题而购买，满意点集中在安装便利、功能直观和性价比，不满点集中在尺寸、耐用度、贴合度或做工细节。,用户主要担心粘贴不牢、安装细节、尺寸预期和局部翘边问题。,如果开发，建议优化尺寸说明、材质耐久、安装体验和细节做工，并做更清晰的场景图与对比卖点。,门窗密封用品需求明确，评论数 359，月购提示为 未显示。,打样时重点确认尺寸适配、材质厚度、粘贴/安装稳定性、包装保护和使用说明。,门窗密封用品值得继续深挖同类竞品，适合建立价格带和差评痛点库。,是,秋冬需求更强，主要用于防风、保温、减少冷气流失。,秋季 / 冬季,未上传,搜索词：문풍지；搜索排序约 14；卖家：엠아이컴퍼니。,否,不确定,否,否,否,否,否,中,中,否,不确定,否,中,中,高,低,普通测试,申请样品,A,是,无,2026-06-19
다비온 욕실 물빠짐 선반 + 틈새 압축봉,다비온 浴室 沥水 선반 + 틈새 伸缩杆,Coupang,https://www.coupang.com/vp/products/9042251635,https://thumbnail.coupangcdn.com/thumbnails/remote/492x492ex/image/vendor_inventory/01a2/beeb2e6e81c91aa7fd91edd73ab312221e26d678778ddef60adc1cf4a8b1.png,아르미아,窗帘配件,未分配,不确定,不确定,로켓배송,品牌卖家,未显示,화이트,알루미늄,120g,未显示,"7,500 KRW","2,850 KRW 预估",不确定,低（预估）,不确定,11.6% 预估,需要测试,不确定,不确定,低,한 달간 300명 이상 구매했어요,349,4.6,未显示,免打孔/易安装 / 防风隔热效果明确 / 收纳整理场景明确 / 平台转化门槛低 / 材质卖点清晰,"욕실용품, 다비온, 욕실, 물빠짐, 선반, +, 틈새, 압축봉","상품 리뷰
349
300명 이상 만족했어요
최고
86%
좋음
4%
보통
5%
별로
1%
나쁨
4%
디자인
아주 마음에 들어요
84%
편리성
아주 편리해요
83%
크기
적당해요
91%
견고함
아주 견고해요
72%
자세히 보기
동일한 상품에 대해 작성된 상품 리뷰로, 판매자는 다를 수 있습니다.
상품리뷰 운영원칙
92
더보기
베스트순
최신순
모든 별점
샤샤언니 
2026.03.03
판매자: 아르미아
다비온 욕실 물빠짐 선반 + 틈새 압축봉, 화이트, 1세트, one size
❤️ 최근 집 욕실 정리템으로 인기 많은 욕실 선반이에요! 깔끔한 물빠짐 설계 + 틈새용 압축봉 세트로 구성되어 있어서 좁은 공간도 효율적으로 살릴 수 있다는 점이 가장 큰 장점이에요. 실제로 욕실/수납 카테고리에서 판매량 순위에도 자주 등장하는 가성비 좋은 아이템이에요.

❤️ 우선 장점부터 정리하면,

✔️ 설치가 정말 간편해요. 접착식이라 힘들게 드릴이나 공구 쓸 필요 없이 붙이고 꽉 조절하면 끝이라서 여자가 혼자 설치하기에도 부담 없어요.
✔️ 물빠짐이 잘 돼서 관리가 편해요. 선반 바닥에 구멍이 있어 샴푸나 바디워시 물기가 빠져 수분 고임이 적고, 곰팡이 생기는 것도 한층 덜해요.
✔️ 틈새 압축봉 포함이라 공간 활용이 좋아졌어요. 샤워 부스 옆이나 세면대 옆 좁은 공간에도 봉으로 선반을 고정할 수 있어서 작은 욕실에서도 유용하더라고요.
✔️ 무난한 화이트 톤이라 욕실 분위기랑도 잘 어울려요. 화려하지 않고 깔끔한 디자인이라 어디에 두어도 부담 없어요.

❤️ 단점은 솔직히…

❌ 선반 깊이가 아주 넉넉하지는 않아요. 큰 용량 샴푸나 욕실용품을 여러 개 올리기엔 약간 애매할 수 있어요.
❌ 완전 무타공(못 없이) 고정은 아니에요. 압축봉은 공간 맞춤으로 잘 쓰이지만, 완전히 무타공 압착만으로 너무 무거운 제품까지 버티진 못할 수 있어요.
❌ 압축봉 조절 범위가 극단적으로 넓진 않아요. 천장 높이나 벽 사이 폭이 아주 크거나 좁으면 맞지 않을 수 있어서 주문 전에 공간 사이즈 체크가 필요해요.

❤️ 총평을 하자면,

✔️ 가성비 좋은 욕실 수납 정리템이에요. 가격대도 부담 없고 설치도 쉬워서 첫 욕실 선반 고민하시는 분들께 딱 맞아요.
✔️ 물빠짐이 되는 구조라 청결 관리도 훨씬 쉬워졌고, 압축봉 포함이라 공간 활용도가 생각보다 높아요.
✔️ 좁은 욕실에서 깔끔하게 정리하고 싶다 는 분께 특히 추천! 다만 너무 무거운 제품 진열용으로는","나쁨
4%
디자인
아주 마음에 들어요
84%
편리성
아주 편리해요
83%
크기
적당해요
91%
견고함
아주 견고해요
72%
자세히 보기
동일한 상품에 대해 작성된 상품 리뷰로, 판매자는 다를 수 있습니다.
상품리뷰 운영원칙
92
더보기
베스트순
최신순
모든 별점
샤샤언니 
2026.03.03
판매자: 아르미아
다비온 욕실 물빠짐 선반 + 틈새 압축봉, 화이트, 1세트, one size
❤️ 최근 집 욕실 정리템으로 인기 많은 욕실 선반이에요! 깔끔한 물빠짐 설계",窗帘配件场景需求稳定，非明显季节品，全年都有稳定需求。,"6,000~9,375 KRW 预估",用户主要因为解决具体生活场景问题而购买，满意点集中在安装便利、功能直观和性价比，不满点集中在尺寸、耐用度、贴合度或做工细节。,用户主要担心粘贴不牢、安装细节、尺寸预期和局部翘边问题。,如果开发，建议优化尺寸说明、材质耐久、安装体验和细节做工，并做更清晰的场景图与对比卖点。,窗帘配件需求明确，评论数 349，月购提示为 한 달간 300명 이상 구매했어요。,打样时重点确认尺寸适配、材质厚度、粘贴/安装稳定性、包装保护和使用说明。,窗帘配件值得继续深挖同类竞品，适合建立价格带和差评痛点库。,否,非明显季节品，全年都有稳定需求。,全年,未上传,搜索词：욕실용품；搜索排序约 14；卖家：아르미아。,否,不确定,否,否,否,否,否,中,低,否,不确定,否,中,中,高,低,普通测试,申请样品,A,是,无,2026-06-19
"디앤샵 초미세 방충망 DIY 셀프 교체 세트 완벽구성, 1mx2.5m, 1개",디앤샵 超细 防虫网 DIY 自助更换套装 완벽구성，1mx2.5m，1개,Coupang,https://www.coupang.com/vp/products/8744765849,https://thumbnail.coupangcdn.com/thumbnails/remote/492x492ex/image/vendor_inventory/91ac/773c06ab8fe1177ce6c3d708111da1ec7227661def730ee703e5450bc082.png,주식회사 디앤디,防虫网相关用品,未分配,不确定,不确定,로켓배송,品牌卖家,200cm x 200cm,블랙,화이바,20g,未显示,"23,000 KRW","8,740 KRW 预估",不确定,中（预估）,不确定,11.6% 预估,需要测试,不确定,不确定,低,未显示,115,4.8,未显示,防虫需求明确 / 平台转化门槛低 / 材质卖点清晰,"방충망, 디앤샵, 초미세, 방충망, DIY, 셀프, 교체, 세트, 완벽구성","상품 리뷰
115
100명 이상 만족했어요
최고
83%
좋음
12%
보통
4%
별로
1%
나쁨
0%
편리성
아주 편리해요
98%
재질 만족도
아주 마음에 들어요
95%
견고함
아주 견고해요
92%
자세히 보기
동일한 상품에 대해 작성된 상품 리뷰로, 판매자는 다를 수 있습니다.
상품리뷰 운영원칙
213
더보기
베스트순
최신순
모든 별점
찐후기 
2026.06.14
판매자: 주식회사 디앤디
디앤샵 초미세 방충망 DIY 셀프 교체 세트 완벽구성, 1개, 1mx5m
0:11
결론부터 말하면 “생각보다 훨씬 쉽고 만족도 높은 제품
찢어져서 다잇소 방충망부분수리로 해두었는데 미관상 넘안예쁘고 여름만 되면 벌레 때문에 스트레스였는데, 기존 방충망은 구멍이 커서 초파리나 작은 날벌레는 그냥 들어오더라고요. 그래서 초미세 방충망으로 바꿔보자 싶어서 주문했습니다.

구성품은 정말 “완벽구성”이라는 말이 맞아요. 방충망, 고무망, 롤러까지 다 들어 있어서 따로 준비할 게 거의 없었습니다. 설명도 어렵지 않아서 처음 하는 사람도 충분히 따라할 수 있어요.
셀프 교체 과정은 생각보다 간단했어요.

기존 방충망 제거 → 새 방충망 올리고 → 고무망으로 고정 → 남는 부분 컷팅 순서로 진행했는데, 처음 한 창문은 좀 헤맸지만 두 번째부터는 훨씬 수월했습니다. 한 창문 기준으로 20~30분 정도 걸린 것 같아요.
초미세 방충망이라 그런지 확실히 작은 벌레 차단이 잘 됩니다. 바람도 생각보다 잘 통하고, 시야도 크게 답답하지 않아서 만족스러워요. 특히 아이 있는 집에서는 더 추천하고 싶어요.

처음 할 때 힘 조절이 조금 어렵다는 점 정도인데, 몇 번 해보면 금방 감 잡습니다.

전체적으로 가격 대비 만족도 높고, 업체 불러서 교체하는 비용 생각하면 훨씬 경제적이에요. DIY 좋아하시는 분들께 강추합니다.
편리성
아주 편리해요
재질 만족도
아주 마음에 들어요
견고함
아주 견고해요
도움이 돼요
신고하기
꼼꼼쓰 
2026.06.12
판매자: 주식회사 디앤디
디앤샵 초미세 방충망 DIY 셀프 교체 세트 완벽구성, 1개, 1mx5m
저렴하고 간편하게 미세방충망 시공하기
기존 방충망이 부식되어 교체가 필요해 직접 DIY로 시공해봤는데 생각보다 훨씬 간편해서 만족스러워요.
처음에는 셀프 작업이라 걱정이 많았지만 설명대로 진행하니 약 30분 정도 만에 깔끔하게 설치를 마칠 수 있었습니다.
무엇보다 일반 나일론 망과 달리 화이바 글라스망 소재라 내구성이","나쁨
0%
편리성
아주 편리해요
98%
재질 만족도
아주 마음에 들어요
95%
견고함
아주 견고해요
92%
자세히 보기
동일한 상품에 대해 작성된 상품 리뷰로, 판매자는 다를 수 있습니다.
상품리뷰 운영원칙
213
더보기
베스트순
최신순
모든 별점
찐후기 
2026.06.14
판매자: 주식회사 디앤디
디앤샵 초미세 방충망 DIY 셀프 교체 세트 완벽구성, 1개, 1mx5m
0:11
결론부터 말하면 “생각보다 훨씬 쉽고 만족도 높은 제품
찢어져서 다잇소 방충망부분",防虫网相关用品场景需求稳定，夏季需求更强，天气变热、防虫、防潮或户外使用场景增加。,"18,400~28,750 KRW 预估",用户主要因为解决具体生活场景问题而购买，满意点集中在安装便利、功能直观和性价比，不满点集中在尺寸、耐用度、贴合度或做工细节。,用户主要担心粘贴不牢、安装细节、尺寸预期和局部翘边问题。,如果开发，建议优化尺寸说明、材质耐久、安装体验和细节做工，并做更清晰的场景图与对比卖点。,防虫网相关用品需求明确，评论数 115，月购提示为 未显示。,打样时重点确认尺寸适配、材质厚度、粘贴/安装稳定性、包装保护和使用说明。,防虫网相关用品值得继续深挖同类竞品，适合建立价格带和差评痛点库。,是,夏季需求更强，天气变热、防虫、防潮或户外使用场景增加。,夏季,未上传,搜索词：방충망；搜索排序约 14；卖家：주식회사 디앤디。,否,不确定,否,否,否,否,否,中,中,否,不确定,否,低,低,中,中,PB供应,计算利润,A,是,无,2026-06-19
플랜하우 10p 무타공 접착식 액자걸이 안떨어지는 시계걸이,플랜하우 10p 免打孔 粘贴式 액자挂架 안떨어지는 시계挂架,Coupang,https://www.coupang.com/vp/products/9543230957,https://thumbnail.coupangcdn.com/thumbnails/remote/492x492ex/image/vendor_inventory/dae8/38bbeac5ce646ae4e9471b38f9892b214002a603ccd52f5984bb9d1888e2.jpg,주식회사 브리즈컴퍼니,收纳用品,未分配,不确定,不确定,로켓배송,品牌卖家,60mm x 40mm,투명,PVC,20 KG,未显示,"2,490 KRW","1,000 KRW 预估",不确定,中（预估）,不确定,11.6% 预估,需要测试,不确定,不确定,低,한 달간 600명 이상 구매했어요,38,4.7,未显示,免打孔/易安装 / 收纳整理场景明确 / 平台转化门槛低 / 材质卖点清晰,"무타공 걸이, 플랜하우, 10p, 무타공, 접착식, 액자걸이, 안떨어지는, 시계걸이","상품 리뷰
38
최고
86%
좋음
7%
보통
2%
별로
0%
나쁨
5%
사이즈
딱 맞는 정사이즈예요
86%
디자인
아주 마음에 들어요
72%
자세히 보기
동일한 상품에 대해 작성된 상품 리뷰로, 판매자는 다를 수 있습니다.
상품리뷰 운영원칙
23
더보기
베스트순
최신순
모든 별점
꼬마홍예 
2026.06.02
판매자: 주식회사 브리즈컴퍼니
플랜하우 10p 무타공 접착식 액자걸이 안떨어지는 시계걸이, 10개
활용도는 좋은데 접착력이 기대만큼 강하지는 않은거같아요
내돈내산 솔직한 후기입니다.
도움이 된다면 도움돼요 버튼 부탁드려요.

집정리를 하면서 그물망을 고정해 다용도 걸이를 만들려고 구입했어요. 처음에는 2개만 사용했는데 몇 시간 만에 뚝 떨어지더라고요. 그래서 위쪽에 3개, 아래쪽에 2개 총 5개로 고정했더니 하루가 지나도 떨어지지 않고 잘 버텼습니다. (참고로 제가 용도를 다르게 써서 접착이 약하게 느끼는걸수도 있어요. 그래도 빈가방들과 캡모자등만 걸어두는 용도라 크게 무거울거라 생각을 안했는데 ㅠㅠ 제가 잘 못생각한 걸지도요.)

________________________________
⭐ 설치 및 사용감: ★★★★☆
무타공 접착식이라 벽에 못질 없이 간단히 붙일 수 있어 편리했어요. 다만 하나만 사용할 때는 무거운 시계류 같은 걸 걸면 위험할 수 있겠다는 생각이 들었습니다.

⭐ 접착력: ★★★★☆
여러 개를 함께 사용하면 안정적으로 고정되지만, 1~2개만으로는 무게감 있는 물건을 버티기 어려워요. 시계 같은 유리 제품은 떨어지면 깨질 수 있으니 주의가 필요합니다.

⭐ 활용도: ★★★★★
액자나 가벼운 소품, 그물망 고정 등 다양한 용도로 활용할 수 있어요. 특히 여러 개를 조합해서 쓰면 꽤 튼튼하게 고정됩니다.

⭐ 안전성: ★★★★☆
저는 다행히 깨지는 물건은 없었지만, 무거운 시계류는 걸지 않는 게 좋을 것 같아요. 가벼운 물건 위주로 사용하면 만족스럽습니다.
사이즈
딱 맞는 정사이즈예요
디자인
보통이에요
2명에게 도움이 됐어요
신고하기
조정원 
2026.06.04
판매자: 주식회사 브리즈컴퍼니
플랜하우 10p 무타공 접착식 액자걸이 안떨어지는 시계걸이, 10개
아이 방에 액자랑 벽시계를 걸어두려고 구매했는데 생각보다 훨씬 만족스러워서 후기 남겨봅니다. 우선 가장 마음에 들었던 점은 무타공 제품이라는 점이에요. 벽에 못을 박지 않아도 되니 벽지 손상 걱정이 없고, 전세나 월세 거주하시는 분들도","나쁨
5%
사이즈
딱 맞는 정사이즈예요
86%
디자인
아주 마음에 들어요
72%
자세히 보기
동일한 상품에 대해 작성된 상품 리뷰로, 판매자는 다를 수 있습니다.
상품리뷰 운영원칙
23
더보기
베스트순
최신순
모든 별점
꼬마홍예 
2026.06.02
판매자: 주식회사 브리즈컴퍼니
플랜하우 10p 무타공 접착식 액자걸이 안떨어지는 시계걸이, 10개
활용도는 좋은데 접착력이 기대만큼 강하지는 않은거같아요
내돈내산 솔직한 후기입니다.
도움이 된다면 도움돼요 버튼 부탁",收纳用品场景需求稳定，非明显季节品，全年都有稳定需求。,"1,992~3,113 KRW 预估",用户主要因为解决具体生活场景问题而购买，满意点集中在安装便利、功能直观和性价比，不满点集中在尺寸、耐用度、贴合度或做工细节。,用户主要担心粘贴不牢、安装细节、尺寸预期和局部翘边问题。,如果开发，建议优化尺寸说明、材质耐久、安装体验和细节做工，并做更清晰的场景图与对比卖点。,收纳用品需求明确，评论数 38，月购提示为 한 달간 600명 이상 구매했어요。,打样时重点确认尺寸适配、材质厚度、粘贴/安装稳定性、包装保护和使用说明。,收纳用品值得继续深挖同类竞品，适合建立价格带和差评痛点库。,否,非明显季节品，全年都有稳定需求。,全年,未上传,搜索词：무타공 걸이；搜索排序约 14；卖家：주식회사 브리즈컴퍼니。,不确定,不确定,否,否,否,否,否,中,低,否,不确定,否,低,低,低,低,普通测试,申请样品,A,是,无,2026-06-19
스토리원 단열필름 사생활보호 썬팅 자외선차단 베란다 창문 시트지 U-SSAC74,스토리원 隔热膜 隐私保护 썬팅 자외선차단 베란다 창문 贴膜 U-SSAC74,Coupang,https://www.coupang.com/vp/products/8271196404,https://thumbnail.coupangcdn.com/thumbnails/remote/492x492ex/image/vendor_inventory/e076/46f5b9687f45dbb9d48428df8a40021fe97a42d9c2b896c248b5c998e3cf.jpg,주식회사바른에프엔씨,门窗密封用品,未分配,不确定,不确定,로켓배송,品牌卖家,1m x 5m x 20mm,그레이,未显示,未显示,未显示,"19,900 KRW","7,562 KRW 预估",不确定,低（预估）,不确定,11.6% 预估,需要测试,不确定,不确定,中,한 달간 700명 이상 구매했어요,3145,4.4,未显示,免打孔/易安装 / 防风隔热效果明确 / 平台转化门槛低,"창문 단열, 스토리원, 단열필름, 사생활보호, 썬팅, 자외선차단, 베란다, 창문, 시트지","상품 리뷰
3,145
2,000명 이상 만족했어요
최고
71%
좋음
15%
보통
7%
별로
3%
나쁨
4%
동일한 상품에 대해 작성된 상품 리뷰로, 판매자는 다를 수 있습니다.
상품리뷰 운영원칙
367
더보기
베스트순
최신순
모든 별점
베리감사 
2026.02.24
판매자: 주식회사바른에프엔씨
스토리원 단열필름 사생활보호 썬팅 자외선차단 베란다 창문 시트지 U-SSAC74, 90cm x 5m, 다크블루
재구매후기는 밑에✅️✅️

색상 고민하다가 신랑이 추천해서 구매해 봤는데
혼자 붙이느라고 조금 힘들었어요
다른제품들과 비교하느라 몇날몇일을 보다가 주문했는데
좀더 저렴한제품이 있었으나 요걸로 선택했어요:)


집이 2층이라 바깥에서 세탁 해서 널어둔 옷이 다 보이거나
안에가 너무 훤히 보여서 옷도 신경쓰이고, 조심스러워서
항상 커텐 치고 살았었는데 붙이고 보니처음에는 너무 진한가 싶었어요 ㅎㅎ 안 붙인 쪽과붙인 쪽을 비교해 보니 붙인 게 더 청량감 있어 보이고 좋네요
혼자 붙으느라 힘들긴했는데 적응되니 너무예쁘고 깔끔해서 좋아요

햇빛이 덜 들어올까 걱정했는데 햇빛도 잘 들어오고
낮에는 거실에 불 켜두면 불빛만 보이고 안에 전혀 보이지 않습니다

그리고 세탁물을 널어둬도 건조대랑 세탁물도 보이지 않아서 좋아요
이게정말좋은거같아요
속옷이나 그런것들 세탁해두면 좀 신경쓰였거든요

대신 밤이 되고 어두워지면 집안에서는 거울 모드로 보이고 밖에서 완전 잘 보이니 그때는 커튼 쳐야 합니다

낮에 커튼 걷고 살 수 있어서 완전 좋아요ㅎㅎ

밖에서 보이는 사진 중에 아래 층이 저희 집입니다
위에 집은 안에 베란다 안이 훤히 보이지만 저희 집은 거울 모드로 바깥에서 보입니다:)

세탁실 베란다도 붙일려고 주문하려고 합니다!

혼자붙이는팁을 드리자면:)
✅️칼은 최대한 잘드는것
칼로자를때 샤시에 실리콘떨어지지않게
✅️각도만잘맞추면 쉽게 잘려요
칼이안들면 진짜낭패예여
저도 있던칼 심부러서 쓰다가 자꾸안잘려서
새칼로하니 너무 쉬워지더라구요
✅️퐁퐁물은 넘치도록많이뿌릴것
✅️붙이고밀때, 중간에 한줄밀어두고( 고정용)양쪽으로
ㄹ자모양으로 지그재그 밀어주면 기포잘빠지고 잘밀어내져용



✅️✅️재구매후기

앞 베란다는 다 붙였는데 뒷베란다에 빨래 하러갈때나
보조주방 갈 때 너무 밝아서 다 보이더라고요. 저는 그냥 옷을 입고 다니니 괜찮다고 생각했는데. 신랑이 낮에 햇빛도 들어오고 블라인드도 안 해도 되고 붙이면 좋을 것 같다고 해서 하나","나쁨
4%
동일한 상품에 대해 작성된 상품 리뷰로, 판매자는 다를 수 있습니다.
상품리뷰 운영원칙
367
더보기
베스트순
최신순
모든 별점
베리감사 
2026.02.24
판매자: 주식회사바른에프엔씨
스토리원 단열필름 사생활보호 썬팅 자외선차단 베란다 창문 시트지 U-SSAC74, 90cm x 5m, 다크블루
재구매후기는 밑에✅️✅️

색상 고민하다가 신랑이 추천해서 구매해 봤는데
혼자 붙이느라고 조금 힘들었어요
다른제품들과 비교하느라 몇날몇일을 보다가 주문했는데",门窗密封用品场景需求稳定，夏季需求更强，天气变热、防虫、防潮或户外使用场景增加。,"15,920~24,875 KRW 预估",用户主要因为解决具体生活场景问题而购买，满意点集中在安装便利、功能直观和性价比，不满点集中在尺寸、耐用度、贴合度或做工细节。,用户主要担心粘贴不牢、安装细节、尺寸预期和局部翘边问题。,如果开发，建议优化尺寸说明、材质耐久、安装体验和细节做工，并做更清晰的场景图与对比卖点。,门窗密封用品需求明确，评论数 3145，月购提示为 한 달간 700명 이상 구매했어요。,打样时重点确认尺寸适配、材质厚度、粘贴/安装稳定性、包装保护和使用说明。,门窗密封用品值得继续深挖同类竞品，适合建立价格带和差评痛点库。,是,夏季需求更强，天气变热、防虫、防潮或户外使用场景增加。,夏季,未上传,搜索词：창문 단열；搜索排序约 15；卖家：주식회사바른에프엔씨。,不确定,不确定,否,否,否,否,否,中,低,否,不确定,否,高,高,中,低,PB供应,计算利润,A,是,无,2026-06-19
ZOZOFO 길이조절 싱크대정리선반,ZOZOFO 길이조절 水槽整理선반,Coupang,https://www.coupang.com/vp/products/8428853972,https://thumbnail.coupangcdn.com/thumbnails/remote/492x492ex/image/vendor_inventory/0993/29fd030f3961855c3203b14ee7aa93f18786b05732c5f182acddddaac76d.jpg,프리미노 유한회사,收纳用品,未分配,不确定,不确定,로켓배송,品牌卖家,未显示,화이트,철제,3kg,未显示,"17,740 KRW","6,741 KRW 预估",不确定,中（预估）,不确定,11.6% 预估,需要测试,不确定,不确定,中,한 달간 100명 이상 구매했어요,2236,4.6,未显示,免打孔/易安装 / 收纳整理场景明确 / 平台转化门槛低 / 材质卖点清晰,"싱크대 정리, ZOZOFO, 길이조절, 싱크대정리선반","상품 리뷰
2,236
2,000명 이상 만족했어요
최고
79%
좋음
14%
보통
5%
별로
1%
나쁨
1%
디자인
아주 마음에 들어요
71%
편리성
아주 편리해요
77%
무게
가벼워요
53%
견고함
아주 견고해요
50%
자세히 보기
동일한 상품에 대해 작성된 상품 리뷰로, 판매자는 다를 수 있습니다.
상품리뷰 운영원칙
516
더보기
4점 이상
리뷰가 좋은 상품
광고
굿라이프 싱크대 길이조절 정리선반, 화이트, 1개
15,300원
(1개당 15,300원)
무료배송
무료반품
내일(토) 도착
(150)
AREUM 강화철제 싱크대정리선반 씽크대하부정리대 씽크대정리선반 후라이팬정리대
58,000원
47%
30,410원
(1개당 30,410원)
무료배송
6/23(화) 도착 예정
(365)
홈데코레 길이조절 싱크대 하부장 정리선반 주방선반 다용도선반, 1단 선반4칸, 화이트
21,800원
9%
19,800원
(1개당 19,800원)
무료배송
무료반품
내일(토) 도착
(191)
스텔라룸 높이조절 냄비 후라이팬 정리대 거치대, 블랙, 7단
할인
44,800원
36%
28,380원
(1개당 28,380원)
무료배송
무료반품
내일(토) 도착
(1,454)
길이조절 싱크대하단 정리선반, 1개, 블랙
할인
15,800원
6%
14,800원
(1개당 14,800원)
무료배송
무료반품
내일(토) 도착
(16)
홈데코레 길이조절 싱크대 하부장 정리선반 주방선반 다용도선반, 화이트, 1개
29,800원
6%
27,800원
(1개당 27,800원)
무료배송
6/23(화) 도착 예정
(110)
홈데코레 길이조절 싱크대 하부장 정리선반 주방선반 다용도선반, 2단 선반8칸, 화이트
27,800원
10%
24,800원
(1개당 24,800원)
무료배송
6/23(화) 도착 예정
(45)
인사이트셀 다용도 길이조절 싱크대 정리선반, 아이보리, 1개
18,000원
17%
14,800원
(1개당 14,800원)
무료배송
무료반품
내일(토) 도착
(9)
Alemon 스테인리스 확장형 싱크대 하부장 정리대 냄비 정리대, 1개, 스테인리스 강
할인
30,000원
1%
29,600원
(1개당 29,600원)
무료배송
무료반품
내일(토) 도착
(10)
데이모노 길이 높이 조절 싱크대 하부장 주방 선반, 3개, 화이트, 2단
36,830원
(1개당 12,277원)
무료배송
무료반품
내일(토) 새벽 도착
(138)
생활꿀템 후라이팬 정리대 냄비 거치대 높이 조절 싱크대","나쁨
1%
디자인
아주 마음에 들어요
71%
편리성
아주 편리해요
77%
무게
가벼워요
53%
견고함
아주 견고해요
50%
자세히 보기
동일한 상품에 대해 작성된 상품 리뷰로, 판매자는 다를 수 있습니다.
상품리뷰 운영원칙
516
더보기
4점 이상
리뷰가 좋은 상품
광고
굿라이프 싱크대 길이조절 정리선반, 화이트, 1개
15,300원
(1개당 15,300원)
무료배송
무료반품
내일(토) 도착
(150)
AREUM 강화철제 싱크대정리선반 씽크대하부정리대 씽크대정리",收纳用品场景需求稳定，非明显季节品，全年都有稳定需求。,"14,192~22,175 KRW 预估",用户主要因为解决具体生活场景问题而购买，满意点集中在安装便利、功能直观和性价比，不满点集中在尺寸、耐用度、贴合度或做工细节。,用户主要担心粘贴不牢、安装细节、尺寸预期和局部翘边问题。,如果开发，建议优化尺寸说明、材质耐久、安装体验和细节做工，并做更清晰的场景图与对比卖点。,收纳用品需求明确，评论数 2236，月购提示为 한 달간 100명 이상 구매했어요。,打样时重点确认尺寸适配、材质厚度、粘贴/安装稳定性、包装保护和使用说明。,收纳用品值得继续深挖同类竞品，适合建立价格带和差评痛点库。,否,非明显季节品，全年都有稳定需求。,全年,未上传,搜索词：싱크대 정리；搜索排序约 15；卖家：프리미노 유한회사。,否,不确定,否,否,否,否,否,中,低,否,不确定,否,高,高,中,低,Rocket Growth,找供应商,S,是,无,2026-06-19
"클린셋 냄새 차단 하수구 트랩, one size, 2개",클린셋 냄새 차단 하수구 트랩，one size，2개,Coupang,https://www.coupang.com/vp/products/9533687387,https://thumbnail.coupangcdn.com/thumbnails/remote/492x492ex/image/vendor_inventory/2338/4f235c6443139f3414ea923faa48f524ad9d9a1f9207809bb3aa08bb727e.png,그로스엔,浴室用品,未分配,不确定,不确定,로켓배송,品牌卖家,未显示,실버,플라스틱,未显示,未显示,"4,900 KRW","1,862 KRW 预估",不确定,低（预估）,不确定,11.6% 预估,需要测试,不确定,不确定,低,"한 달간 1,000명 이상 구매했어요",137,4.7,未显示,免打孔/易安装 / 平台转化门槛低 / 材质卖点清晰,"생활용품, 클린셋, 냄새, 차단, 하수구, 트랩, one, size, 2개","상품 리뷰
137
100명 이상 만족했어요
최고
90%
좋음
3%
보통
2%
별로
2%
나쁨
3%
편리성
아주 편리해요
92%
견고함
아주 견고해요
89%
자세히 보기
동일한 상품에 대해 작성된 상품 리뷰로, 판매자는 다를 수 있습니다.
상품리뷰 운영원칙
224
더보기
베스트순
최신순
모든 별점
김*미 
2026.06.12
판매자: 그로스엔
클린셋 냄새 차단 하수구 트랩, 2개, one size
기존에 사용하던 배수구 덮개로는 하수구 냄새가 완전히 차단되지 않아 고민하던 중에 구매하게 되었습니다.
가격도 1+1 행사로 매우 저렴했고, 설치가 간편해 보여 반신반의하며 주문했는데 생각보다 괜찮습니다
우선 설치가 정말 쉽습니다. 별도의 공구가 필요 없고 기존 배수구에 맞는 규격만 확인한 후 끼워 넣기만 하면 되어서 어렵지 않게 설치할 수 있었습니다.
투명한 구조라 내부 상태를 확인하기도 편하고, 청소할 때 분리도 간단해서 위생적으로 관리할 수 있습니다.

가장 만족스러운 부분은 냄새 차단 효과입니다.
특히 여름철이나 장마철에 화장실에서 올라오는 하수구 냄새가 은근히 스트레스였는데,
완벽하게 100% 차단된다고 말하기는 어렵지만 체감 상 대부분의 악취가 사라졌고 화장실내부 공기가 훨씬 쾌적해졌습니다.

벌레 차단 효과도 기대 이상입니다. 작은 날벌레나 하수구를 통해 올라오는 해충 유입을 막아주는 구조라 안심이 됩니다.

제품 재질도 생각보다 튼튼합니다.
저렴한 가격이라 플라스틱이 약할까 걱정했지만 마감 상태가 깔끔하고
실리콘 부분도 탄성이 좋아 오래 사용할 수 있을 것 같습니다.
물 빠짐도 원활해서 배수가 막히거나 물이 고이는 현상은 없었습니다.

전체적으로 가격 대비 성능이 매우 뛰어난 제품이라고 생각합니다.
적은 비용으로 하수구 냄새와 벌레 문제를 동시에 해결할 수 있어 만족스럽고, 1+1 구성이라
집 안 여러 곳에 설치하기에도 부담이 없습니다.
하수구 악취 때문에 고민하는 분들에게 추천할 만한 제품입니다.
편리성
아주 편리해요
견고함
아주 견고해요
1명에게 도움이 됐어요
신고하기
곽민채 
2026.06.15
판매자: 그로스엔
클린셋 냄새 차단 하수구 트랩, 2개, one size
하수구 냄새나 벌레 유입이 신경 쓰일 때 딱!!
☀️ 하수구 냄새 차단용으로 사용하기 좋아요
☀️ 배수구 역류 방지용으로도 든든해요
☀️ 욕실, 세탁실, 베란다 배수구에 활용하기 좋아요

여름이 되니 욕실이나 베란다 쪽 배수구 냄새가 은","나쁨
3%
편리성
아주 편리해요
92%
견고함
아주 견고해요
89%
자세히 보기
동일한 상품에 대해 작성된 상품 리뷰로, 판매자는 다를 수 있습니다.
상품리뷰 운영원칙
224
더보기
베스트순
최신순
모든 별점
김*미 
2026.06.12
판매자: 그로스엔
클린셋 냄새 차단 하수구 트랩, 2개, one size
기존에 사용하던 배수구 덮개로는 하수구 냄새가 완전히 차단되지 않아 고민하던 중에 구매하게 되었습니다.
가격도 1+1 행사로 매우 저렴했고, 설치가 간편해",浴室用品场景需求稳定，非明显季节品，全年都有稳定需求。,"3,920~6,125 KRW 预估",用户主要因为解决具体生活场景问题而购买，满意点集中在安装便利、功能直观和性价比，不满点集中在尺寸、耐用度、贴合度或做工细节。,用户主要担心粘贴不牢、安装细节、尺寸预期和局部翘边问题。,如果开发，建议优化尺寸说明、材质耐久、安装体验和细节做工，并做更清晰的场景图与对比卖点。,"浴室用品需求明确，评论数 137，月购提示为 한 달간 1,000명 이상 구매했어요。",打样时重点确认尺寸适配、材质厚度、粘贴/安装稳定性、包装保护和使用说明。,浴室用品值得继续深挖同类竞品，适合建立价格带和差评痛点库。,否,非明显季节品，全年都有稳定需求。,全年,未上传,搜索词：생활용품；搜索排序约 15；卖家：그로스엔。,不确定,不确定,否,否,否,否,否,中,低,否,不确定,否,低,低,高,低,普通测试,计算利润,B,是,无,2026-06-19
"디노르 욕실 슬리퍼 거치대 흡착, 베이지, 2개",디노르 浴室 슬리퍼 置物架 흡착，베이지，2개,Coupang,https://www.coupang.com/vp/products/9528386091,https://thumbnail.coupangcdn.com/thumbnails/remote/492x492ex/image/vendor_inventory/1ead/bdf336bc5375fc9d16dae2ffc5e8a2f185b4ea5785dce1006b4b17768da3.png,마티에르,浴室用品,未分配,不确定,不确定,로켓배송,品牌卖家,未显示,베이지,플라스틱,未显示,未显示,"4,900 KRW","1,862 KRW 预估",不确定,低（预估）,不确定,11.6% 预估,需要测试,不确定,不确定,低,한 달간 200명 이상 구매했어요,72,4.7,未显示,免打孔/易安装 / 平台转化门槛低 / 材质卖点清晰,"욕실용품, 디노르, 욕실, 슬리퍼, 거치대, 흡착, 베이지, 2개","상품 리뷰
72
최고
92%
좋음
2%
보통
1%
별로
1%
나쁨
4%
디자인
아주 마음에 들어요
92%
편리성
아주 편리해요
90%
크기
적당해요
94%
견고함
아주 견고해요
90%
자세히 보기
동일한 상품에 대해 작성된 상품 리뷰로, 판매자는 다를 수 있습니다.
상품리뷰 운영원칙
40
더보기
베스트순
최신순
모든 별점
전서영 
2026.05.16
판매자: 마티에르
디노르 욕실 슬리퍼 거치대 흡착, 2개, 베이지
✔️ 구매동기
욕실에 항상 널브러져 있는 슬리퍼가 너무 보기 싫어서 구매했어요. 저는 뭐든지 공중부양하고 있는데 슬리퍼만 땅바닥에 있으니까 물기도 잘 안 마르고 불편하더라구요. 무엇보다 청결이 지켜지지 않는 느낌이라서 구매하게 되었어요.

✔️ 디자인
부드러운 곡선 모양의 베이지 컬러라서 어떤 욕실에도 잘 어울릴 것 같다는 생각이 듭니다. 저희 집 욕실은 샤워 부스랑 건식으로 쓰는 벽쪽에 붙여 보았는데 각각 색깔이 다름에도 불구하고 전부 다 잘 어울렸습니다.

✔️ 설치 용이
간단하게 접착 스티커 제거하고 붙이면 되었어요. 설치가 너무 편리했어요. 여자인 저도 한 1초 만에 했거든요. 아마 누구나 할 수 있을 거라고 생각해요.

✔️ 접착력
물기 닦고 완전히 말리지 않은 상태에서 부착해 보았는데 떨어지지 않네요. 접착력 자체가 워낙 좋기도 하지만 욕실 슬리퍼는 가볍기 때문에, 많은 무게가 실리지 않으니 더욱 그런 것 같습니다. 저는 급해서 그냥 했지만 이왕이면 완벽하게 습기 다 말리고 하면 이상할 때까지 거의 영구적으로 할 수 있을 것 같습니다.

✔️ 자취생 필수템
1인 가구라던지 혼자 사는 자취생들은 집에서 거의 잠만 자니까 청소하는 시간도 그리 많지 않잖아요. 그럴 때 일수록 무엇이든지 공중부양을 시켜서 청결을 유지해야 된다고 생각합니다. 그런 실용적인 아이템으로는 이것만 한 것이 없어요. 그런 점에서 별 다섯 개 찍고 갑니다. 정말 필수예요. 아주 유용합니다
디자인
아주 마음에 들어요
편리성
아주 편리해요
크기
적당해요
견고함
아주 견고해요
1명에게 도움이 됐어요
신고하기
물건수집가 
2026.05.21
판매자: 마티에르
디노르 욕실 슬리퍼 거치대 흡착, 2개, 베이지
깔끔한 디자인
욕실 문 열 때마다 바닥에 굴러다니는 슬리퍼에 물 고이고, 문에 걸리는 게 은근히 스트레스라 폭풍 검색하다가 구매해봤습니다.

깔끔한 디자인과 가성비
1+1 구성에 이 가격이면 가성비는 진짜 최고! 색상도 튀지 않","나쁨
4%
디자인
아주 마음에 들어요
92%
편리성
아주 편리해요
90%
크기
적당해요
94%
견고함
아주 견고해요
90%
자세히 보기
동일한 상품에 대해 작성된 상품 리뷰로, 판매자는 다를 수 있습니다.
상품리뷰 운영원칙
40
더보기
베스트순
최신순
모든 별점
전서영 
2026.05.16
판매자: 마티에르
디노르 욕실 슬리퍼 거치대 흡착, 2개, 베이지
✔️ 구매동기
욕실에 항상 널브러져 있는 슬리퍼가 너무 보기 싫어서 구매했어요. 저는 뭐든지 공중부양하고 있",浴室用品场景需求稳定，非明显季节品，全年都有稳定需求。,"3,920~6,125 KRW 预估",用户主要因为解决具体生活场景问题而购买，满意点集中在安装便利、功能直观和性价比，不满点集中在尺寸、耐用度、贴合度或做工细节。,用户主要担心粘贴不牢、安装细节、尺寸预期和局部翘边问题。,如果开发，建议优化尺寸说明、材质耐久、安装体验和细节做工，并做更清晰的场景图与对比卖点。,浴室用品需求明确，评论数 72，月购提示为 한 달간 200명 이상 구매했어요。,打样时重点确认尺寸适配、材质厚度、粘贴/安装稳定性、包装保护和使用说明。,浴室用品值得继续深挖同类竞品，适合建立价格带和差评痛点库。,否,非明显季节品，全年都有稳定需求。,全年,未上传,搜索词：욕실용품；搜索排序约 15；卖家：마티에르。,不确定,不确定,否,否,否,否,否,中,低,否,不确定,否,低,低,高,低,普通测试,计算利润,B,是,无,2026-06-19
미스터퍼그 강아지 얼굴망,미스터퍼그 狗用 얼굴망,Coupang,https://www.coupang.com/vp/products/9579229272,https://thumbnail.coupangcdn.com/thumbnails/remote/492x492ex/image/vendor_inventory/3744/1321f02cb5aa7b6b354f4024270cb5c9515e46d9165f59a562f5c9188f85.png,리베라티오,宠物小用品,未分配,不确定,不确定,로켓배송,品牌卖家,未显示,블랙,실리콘,2.5KG,未显示,"3,000 KRW","1,140 KRW 预估",不确定,低（预估）,不确定,11.6% 预估,需要测试,不确定,不确定,低,한 달간 900명 이상 구매했어요,59,4.6,未显示,平台转化门槛低 / 材质卖点清晰 / 轻小件，适合继续测算,"반려동물 용품, 미스터퍼그, 강아지, 얼굴망","상품 리뷰
59
최고
79%
좋음
10%
보통
6%
별로
5%
나쁨
0%
동일한 상품에 대해 작성된 상품 리뷰로, 판매자는 다를 수 있습니다.
상품리뷰 운영원칙
39
더보기
베스트순
최신순
모든 별점
임*현 
2026.05.29
판매자: 리베라티오
미스터퍼그 강아지 얼굴망, 블랙, 1개, 소형
0:03
이물질 섭취 방지에 최고! 가성비 좋은 산책꿀템!
​ 구매 동기
우리 집 강아지가 아직 1살이라 호기심이 많아서 그런지, 산책만 나가면 자꾸 땅에 떨어진 걸 주워 먹더라고요. 결국 탈이 나서 병원에 자주 들락날락하게 되었고, 안 되겠다 싶어 예방 차원에서 이 망사 마스크를 구매하게 되었습니다.
​ 적응기 및 실사용 후기
처음 집에서 씌웠을 때는 어색한지 앞발로 자꾸 벗으려고 버둥거리더라고요. 그래서 걱정했는데, 막상 밖으로 산책을 나가니까 냄새 맡고 걷느라 정신이 팔렸는지 생각보다 아주 잘 쓰고 다녔습니다! 딸아이가 먼저 한번 슬쩍 확인해 보더니, 숨쉬기 답답해 보이지 않고 여유 있어서 괜찮은 것 같다고 하네요.
​물론 강아지들마다 고집이나 성향이 다 달라서 성격이 급하거나 예민한 아이들은 물어뜯을 수도 있을 것 같긴 합니다. 하지만 다행히 우리 아이는 크게 거부감 없이 얌전하게 잘 적응해 주었습니다.
​☀️ 추천 활용법 및 관리 꿀팁
가격이 워낙 저렴해서 큰 부담 없이 구매했는데 기대 이상으로 만족스럽습니다. 매일 쓰기보다는 이물질이 유독 많은 장소에 가거나, 너무 더운 여름철에 벌레가 꼬일 때 유용하게 씌울 생각이에요. 사용하고 나서는 알콜 소독제를 가볍게 뿌려서 바람이 잘 통하는 곳에 말려두면 위생적으로 관리할 수 있어 편합니다. 반려견 주워 먹는 습관 때문에 고민이시라면 비상용으로 하나쯤 구비해 두시는 걸 추천합니다!
1명에게 도움이 됐어요
신고하기
이신원 
2026.05.25
판매자: 리베라티오
미스터퍼그 강아지 얼굴망, 블랙, 1개, 소형
산책할 때 잣 주워먹는 우리집 땡땡이 때문에 구매했어요
우리집 땡땡이는 산책만 나가면 꼭 땅바닥부터 확인하는 스타일이라서 진짜 매번 긴장하면서 산책했어요

특히 공원이나 아파트 단지 주변에 가면 잣이나 작은 나뭇조각, 정체 모를 열매 같은 걸 너무 자연스럽게 주워먹으려고 해서 제가 먼저 발견 못 하면 바로 입에 넣더라구요ㅠㅠ

처음에는 그냥 리드줄을 짧게 잡고 다니면 괜찮겠지 했는데, 강아지 눈썰미랑 속도가 생각보다 너무 빨라서 제가 매번 지는 느낌이었어요ㅋㅋㅋ

그","나쁨
0%
동일한 상품에 대해 작성된 상품 리뷰로, 판매자는 다를 수 있습니다.
상품리뷰 운영원칙
39
더보기
베스트순
최신순
모든 별점
임*현 
2026.05.29
판매자: 리베라티오
미스터퍼그 강아지 얼굴망, 블랙, 1개, 소형
0:03
이물질 섭취 방지에 최고! 가성비 좋은 산책꿀템!
​ 구매 동기
우리 집 강아지가 아직 1살이라 호기심이 많아서 그런지, 산책만 나가면 자꾸 땅에 떨어진 걸 주워 먹더라고요. 결국 탈이 나서 병원에 자주 들락날락하게 되었고,",宠物小用品场景需求稳定，非明显季节品，全年都有稳定需求。,"2,400~3,750 KRW 预估",用户主要因为解决具体生活场景问题而购买，满意点集中在安装便利、功能直观和性价比，不满点集中在尺寸、耐用度、贴合度或做工细节。,用户主要担心粘贴不牢、安装细节、尺寸预期和局部翘边问题。,如果开发，建议优化尺寸说明、材质耐久、安装体验和细节做工，并做更清晰的场景图与对比卖点。,宠物小用品需求明确，评论数 59，月购提示为 한 달간 900명 이상 구매했어요。,打样时重点确认尺寸适配、材质厚度、粘贴/安装稳定性、包装保护和使用说明。,宠物小用品值得继续深挖同类竞品，适合建立价格带和差评痛点库。,否,非明显季节品，全年都有稳定需求。,全年,未上传,搜索词：반려동물 용품；搜索排序约 15；卖家：리베라티오。,不确定,不确定,否,否,否,否,否,中,低,否,不确定,否,低,低,低,低,普通测试,计算利润,B,是,无,2026-06-19
"다용도 정리 수납함, 투명, 6개",多用途 整理 收纳함，투명，6개,Coupang,https://www.coupang.com/vp/products/8864268037,https://thumbnail.coupangcdn.com/thumbnails/remote/492x492ex/image/retail/images/2026/04/23/12/8/726b3bf5-24b0-42f0-b562-73869ca52850.jpg,콤오드,收纳用品,未分配,不确定,不确定,로켓배송,品牌卖家,未显示,투명,아크릴,未显示,未显示,"6,390 KRW","2,428 KRW 预估",不确定,中（预估）,不确定,11.6% 预估,需要测试,不确定,不确定,中,"한 달간 2,000명 이상 구매했어요",694,4.5,未显示,免打孔/易安装 / 收纳整理场景明确 / 平台转化门槛低,"정리함, 다용도, 정리, 수납함, 투명, 6개","상품 리뷰
694
500명 이상 만족했어요
최고
75%
좋음
12%
보통
8%
별로
1%
나쁨
4%
용량/수납
충분해요
46%
내구성
아주 만족해요
53%
자세히 보기
동일한 상품에 대해 작성된 상품 리뷰로, 판매자는 다를 수 있습니다.
상품리뷰 운영원칙
167
더보기
베스트순
최신순
모든 별점
라이언 
2026.06.15
판매자: 콤오드
다용도 정리 수납함, 6개, 투명
손바닥보다 살짝 큰 사이즈의 작은 수납함. 가성비좋음!
안녕하세요 제가 느낀 걸 최대한 구체적으로 적어서 구매에 도움이 되고 싶은 라이언입니다 :)

✔️ 요약
특징: 사이즈가 손바닥만 함. 튼튼함. 가격이 착함. 투명하고 낮아서 안이 잘 보임.
별점 5개

✔️ 구매이유
집에 전선이나 충전기도 굴러 다니고, 양말도 분류해서 섞어 넣으니 헷갈려서 따로 넣을만한 걸 찾고 있었거든요.
마침 저렴하게 뜨길래 바로 구매해보았습니다.

✔️ 특징
1.사이즈가 손바닥만 함.
사이즈 잘 보고 구매하셔야하는데, 생각보다 더 미니미니한 제품이에요!
손바닥 딱 들어가는 사이즈엿습니다. 그거보다 살짝 더 큰 느낌?

참고로 전 여자치고는 손이 큰 편이에요~!

그래서 대용량이나 많은 물건을 정리하기 보다는 소량의 물건을 넣거나 분류할 때 쓰기 좋더라고요.

저는 양말을 짝맞춰서 분류해서 넣어서 쓰는데 아주 맘에 들고요.
충전기도 안에 정리해서 넣으니 드디어 제자리를 찾은 것 같아 좋습니다.

2.튼튼함.
플라스틱인데 뭐 깨질 위험도 있고, 털어트려도 팅~ 하고 틩기기만해요 ㅋㅋ
튼튼해서 맘에 듭니다!!

3. 가격이 착함.
할인할 때 구매해서 그런가 엄청 금액대가 만족스러워요 :)
작은 사이즈긴 하지만 6개나 와서 가성비 아주 좋아요~

4. 투명하고 낮아서 안이 잘 보임.
제품이 투명해서 어디 둬도 잘 보이고요.
특히 높이가 낮아서 어디 있어도, 어디 둬도 내용물 확인이 잘 되어 좋습니다.

추가로 한번 닦아서 썼는데 먼지도 많지 않고 깨끗해서 좋았어요~

✔️ 재구매의사
6개 양이 충분해서 더이상 필요하지 않을 것 같아요~
근데 적은 양의 물건을 더 담을 일이 잇다면 구매할 것 같아요! 금액 완전 착함!

✔️추천하는 분
- 저렴한 다용도 정리 수납함 찾으시는 분 (가성비 굿)
- 양 적은 물건을 담을려고 하시는 분

✔️비추천하는 분
-큼직한 다용도 정리 수납함 찾으시는 분

❤️ 제가 사용하면서 느낀 솔직한 리뷰입니다. 최대한 구체적으로 적었는데 저처럼 ","나쁨
4%
용량/수납
충분해요
46%
내구성
아주 만족해요
53%
자세히 보기
동일한 상품에 대해 작성된 상품 리뷰로, 판매자는 다를 수 있습니다.
상품리뷰 운영원칙
167
더보기
베스트순
최신순
모든 별점
라이언 
2026.06.15
판매자: 콤오드
다용도 정리 수납함, 6개, 투명
손바닥보다 살짝 큰 사이즈의 작은 수납함. 가성비좋음!
안녕하세요 제가 느낀 걸 최대한 구체적으로 적어서 구매에 도움이 되고 싶은 라이언입니다 :)

✔️ 요약
특징: 사이즈가 손",收纳用品场景需求稳定，非明显季节品，全年都有稳定需求。,"5,112~7,988 KRW 预估",用户主要因为解决具体生活场景问题而购买，满意点集中在安装便利、功能直观和性价比，不满点集中在尺寸、耐用度、贴合度或做工细节。,用户主要担心粘贴不牢、安装细节、尺寸预期和局部翘边问题。,如果开发，建议优化尺寸说明、材质耐久、安装体验和细节做工，并做更清晰的场景图与对比卖点。,"收纳用品需求明确，评论数 694，月购提示为 한 달간 2,000명 이상 구매했어요。",打样时重点确认尺寸适配、材质厚度、粘贴/安装稳定性、包装保护和使用说明。,收纳用品值得继续深挖同类竞品，适合建立价格带和差评痛点库。,否,非明显季节品，全年都有稳定需求。,全年,未上传,搜索词：정리함；搜索排序约 16；卖家：콤오드。,不确定,不确定,否,否,否,否,否,中,低,否,不确定,否,中,中,高,低,普通测试,计算利润,B,是,无,2026-06-19
하루모음 깔끔한 선반 욕실 정리함 3p,하루모음 깔끔한 선반 浴室 收纳盒 3p,Coupang,https://www.coupang.com/vp/products/9195936489,https://thumbnail.coupangcdn.com/thumbnails/remote/492x492ex/image/vendor_inventory/cc1f/fbcf23e52580489cbdf68c6480f425239b6d6d1356802a6296901a488e3c.png,마마앤미,浴室用品,未分配,不确定,不确定,로켓배송,品牌卖家,未显示,블랙,플라스틱,未显示,未显示,"9,900 KRW","3,762 KRW 预估",不确定,低（预估）,不确定,11.6% 预估,需要测试,不确定,不确定,低,한 달간 200명 이상 구매했어요,320,4.7,未显示,免打孔/易安装 / 收纳整理场景明确 / 平台转化门槛低 / 材质卖点清晰,"수납용품, 하루모음, 깔끔한, 선반, 욕실, 정리함, 3p","상품 리뷰
320
300명 이상 만족했어요
최고
87%
좋음
8%
보통
2%
별로
1%
나쁨
2%
디자인
아주 마음에 들어요
80%
편리성
아주 편리해요
81%
크기
적당해요
81%
견고함
아주 견고해요
65%
자세히 보기
동일한 상품에 대해 작성된 상품 리뷰로, 판매자는 다를 수 있습니다.
상품리뷰 운영원칙
102
더보기
베스트순
최신순
모든 별점
김*은 
2026.03.30
판매자: 마마앤미
하루모음 깔끔한 선반 욕실 정리함 3p, 블랙
0:05
욕실정리함 깔끔하게 정리해보세요!
▶깔끔하게 정리 가능한 욕실정리함

정리해놓는다 해도 뒤돌면 또 어지러워져있는 욕실 수납장!
저희집 수납장이 블랙으로 되어있어서
블랙색상인 정리함을 찾아보다 구매하게되었어요.
사이즈가 제가 찾던 사이즈라서 너무 마음에 들어요.

1열로 3개를 놔도 딱 맞고, 사선 모양으로 되어있어서
낮은 제품들도 어디있는지 바로 찾을수있어요.
그전에 다*소 제품을 사용했는데
높아서 낮은 제품을 꺼내려면 통을 내려서 꺼내고 했는데
하루모음 수납정리함은 그럴필요없이
바로 꺼내서 사용가능해 너무 편해요.

매일 사용하는 여성용품도 정리함에 싹
정리해주니까 꺼내사용하기도 편하고,
사이즈도 맞아서 욕실 정리함도 블랙으로 몇개 더 구매예정이예요.

화장대위에 자질구리한 제품들도 정리할 수납함을 찾고있었는데
하루모음 수납정리함에 립제품이나 아이쉐도우.팩트같은 제품들도
쏙 들어가서 훨씬 깔끔해보여서 화장대 정리함은 화이트로 구매해야겠어요

가격이 저렴해서 퀄리티가 떨어질까 걱정했는데 마감도잘되어있고,
튼튼해서 오래 사용할수있을것같아요.
받아보자마자 이렇게 퀄리티가 좋을줄알았음 한번에 구매해서 정리할걸 후회했어요.

정리함 하나 들여놨을뿐인데 욕실 수납장이 깨끗해져서 자꾸 열어보게 되네요 :)

깔끔하게 정리하고싶은 분들께 정말 추천드립니다.
디자인
아주 마음에 들어요
편리성
아주 편리해요
크기
적당해요
견고함
아주 견고해요
도움이 돼요
신고하기
하하홍홍 
2026.03.27
판매자: 마마앤미
하루모음 깔끔한 선반 욕실 정리함 3p, 화이트
0:13
✅ 깔끔한 수납
✅ 심플한 디자인
✅ 꺼내쓰기 편리한 각도
✅ 다양한 활용도

✔️ 구매이유

아이를 키우다보니 뭐든 두개씩 사야해서
물건이 정말 많아졌어요ㅠ
수납공간은 많지만 수납장을 열면 자꾸만 우르르
떨어지는 일이 생겨 수납함을 구매하게 되었어요~

✔️ 사용후기

전 이 수납함이 정말 마음에 들어서 재구매를 했","나쁨
2%
디자인
아주 마음에 들어요
80%
편리성
아주 편리해요
81%
크기
적당해요
81%
견고함
아주 견고해요
65%
자세히 보기
동일한 상품에 대해 작성된 상품 리뷰로, 판매자는 다를 수 있습니다.
상품리뷰 운영원칙
102
더보기
베스트순
최신순
모든 별점
김*은 
2026.03.30
판매자: 마마앤미
하루모음 깔끔한 선반 욕실 정리함 3p, 블랙
0:05
욕실정리함 깔끔하게 정리해보세요!
▶깔끔하게 정리 가능한 욕실정리함

정리해놓는다 해도 뒤돌면 또 ",浴室用品场景需求稳定，非明显季节品，全年都有稳定需求。,"7,920~12,375 KRW 预估",用户主要因为解决具体生活场景问题而购买，满意点集中在安装便利、功能直观和性价比，不满点集中在尺寸、耐用度、贴合度或做工细节。,用户主要担心粘贴不牢、安装细节、尺寸预期和局部翘边问题。,如果开发，建议优化尺寸说明、材质耐久、安装体验和细节做工，并做更清晰的场景图与对比卖点。,浴室用品需求明确，评论数 320，月购提示为 한 달간 200명 이상 구매했어요。,打样时重点确认尺寸适配、材质厚度、粘贴/安装稳定性、包装保护和使用说明。,浴室用品值得继续深挖同类竞品，适合建立价格带和差评痛点库。,否,非明显季节品，全年都有稳定需求。,全年,未上传,搜索词：수납용품；搜索排序约 16；卖家：마마앤미。,否,不确定,否,否,否,否,否,中,低,否,不确定,否,中,中,高,低,普通测试,申请样品,A,是,无,2026-06-19
다늘 자동차 후크걸이 헤드레스트 고리 휴대폰 거치 가방 걸이 4p,다늘 자동차 挂钩挂架 헤드레스트 고리 휴대폰 거치 가방 挂架 4p,Coupang,https://www.coupang.com/vp/products/9530807266,https://thumbnail.coupangcdn.com/thumbnails/remote/492x492ex/image/vendor_inventory/07a7/229d6a3bd8fd22338f6cadbec9797db0e00c5c4fb4303a397782a140ae5e.png,다늘,收纳用品,未分配,不确定,不确定,로켓배송,品牌卖家,未显示,브라운,실리콘,未显示,未显示,"2,580 KRW","1,000 KRW 预估",不确定,中（预估）,不确定,11.6% 预估,需要测试,不确定,不确定,低,한 달간 500명 이상 구매했어요,193,5,未显示,免打孔/易安装 / 收纳整理场景明确 / 平台转化门槛低 / 材质卖点清晰,"차량용 소품, 다늘, 자동차, 후크걸이, 헤드레스트, 고리, 휴대폰, 거치, 가방","상품 리뷰
193
100명 이상 만족했어요
최고
98%
좋음
1%
보통
0%
별로
1%
나쁨
0%
동일한 상품에 대해 작성된 상품 리뷰로, 판매자는 다를 수 있습니다.
상품리뷰 운영원칙
399
더보기
베스트순
최신순
모든 별점
히또 
2026.06.05
판매자: 다늘
다늘 자동차 후크걸이 헤드레스트 고리 휴대폰 거치 가방 걸이 4p, 블랙, 4개
차량 내부를 좀 더 깔끔하게 정리하고 싶어서 다늘 자동차 후크걸이 헤드레스트 고리를 구매하게 되었습니다. 평소 차를 이용할 때 가방이나 쇼핑백을 조수석이나 뒷좌석에 그냥 두는 경우가 많았는데, 급정거나 코너를 돌 때마다 물건이 넘어지거나 내용물이 쏟아져 불편함을 느끼곤 했습니다. 이 제품을 사용한 후에는 그런 불편함이 많이 줄어들어 만족스럽게 사용하고 있습니다.

제품은 4개 세트로 구성되어 있어 앞좌석과 뒷좌석에 모두 설치할 수 있었고 여분까지 있어 활용도가 높았습니다. 블랙 색상이라 차량 내부와도 자연스럽게 어울리고 눈에 띄게 튀지 않아 깔끔한 느낌을 주었습니다. 디자인도 심플해서 어떤 차량에 설치해도 무난하게 사용할 수 있을 것 같습니다.

설치는 정말 간단했습니다. 별도의 공구가 필요하지 않고 헤드레스트 봉 부분에 걸기만 하면 되기 때문에 몇 초 만에 장착할 수 있었습니다. 여성 혼자서도 어렵지 않게 설치할 수 있을 정도로 간편했고, 필요에 따라 위치를 옮기거나 탈착하는 것도 쉬웠습니다. 후크 부분도 생각보다 튼튼하게 제작되어 있어 일반 가방은 물론 장을 보고 온 쇼핑백이나 우산, 에코백 등을 걸어두기에 충분했습니다.

실제로 사용해보니 가장 큰 장점은 차량 내부 정리가 훨씬 편해졌다는 점입니다. 가방을 바닥에 두지 않아도 되니 공간 활용이 좋아졌고, 물건이 굴러다니지 않아 운전 중에도 신경 쓰이는 일이 줄어들었습니다. 특히 음료나 계란, 과일처럼 쉽게 흔들릴 수 있는 물건이 담긴 쇼핑백을 걸어두면 안정적으로 보관할 수 있어 유용했습니다.

또한 휴대폰 거치 기능도 있어 필요할 때 간단하게 활용할 수 있었습니다. 뒷좌석에 탑승한 가족이나 아이가 영상을 시청할 때 활용하기 좋았고, 장거리 이동 시에도 편리하게 사용할 수 있었습니다. 단순한 후크 기능뿐만 아니라 다양한 용도로 사용할 수 있다는 점이 마음에 들었습니다.

제품 자체가 가볍지만 내구성은 괜찮은 편이라 쉽게 휘어지거나 부러질 것 같은 느낌은 없었습니다. 마감도 깔끔하게 되어 있어 손에 걸리거나 날카로운 ","나쁨
0%
동일한 상품에 대해 작성된 상품 리뷰로, 판매자는 다를 수 있습니다.
상품리뷰 운영원칙
399
더보기
베스트순
최신순
모든 별점
히또 
2026.06.05
판매자: 다늘
다늘 자동차 후크걸이 헤드레스트 고리 휴대폰 거치 가방 걸이 4p, 블랙, 4개
차량 내부를 좀 더 깔끔하게 정리하고 싶어서 다늘 자동차 후크걸이 헤드레스트 고리를 구매하게 되었습니다. 평소 차를 이용할 때 가방이나 쇼핑백을 조수석이나 뒷좌석에 그냥 두는 경우가 많았는데, 급정거나 코",收纳用品场景需求稳定，非明显季节品，全年都有稳定需求。,"2,064~3,225 KRW 预估",用户主要因为解决具体生活场景问题而购买，满意点集中在安装便利、功能直观和性价比，不满点集中在尺寸、耐用度、贴合度或做工细节。,用户主要担心粘贴不牢、安装细节、尺寸预期和局部翘边问题。,如果开发，建议优化尺寸说明、材质耐久、安装体验和细节做工，并做更清晰的场景图与对比卖点。,收纳用品需求明确，评论数 193，月购提示为 한 달간 500명 이상 구매했어요。,打样时重点确认尺寸适配、材质厚度、粘贴/安装稳定性、包装保护和使用说明。,收纳用品值得继续深挖同类竞品，适合建立价格带和差评痛点库。,否,非明显季节品，全年都有稳定需求。,全年,未上传,搜索词：차량용 소품；搜索排序约 16；卖家：다늘。,否,不确定,否,否,否,否,否,中,低,否,不确定,否,低,低,低,低,普通测试,申请样品,A,是,无,2026-06-19
라카쎄 모자 세탁망 변형방지 세탁틀 빨래망,라카쎄 모자 세탁망 변형방지 세탁틀 빨래망,Coupang,https://www.coupang.com/vp/products/9531062090,https://thumbnail.coupangcdn.com/thumbnails/remote/492x492ex/image/vendor_inventory/77d6/22e4cd2e458ffbdb44a17278316622762b9eed30d4a9019b3041dd776bbd.jpg,웨이프리,洗衣相关小物,未分配,不确定,不确定,로켓배송,品牌卖家,未显示,화이트,실리콘,20g,未显示,"9,990 KRW","3,796 KRW 预估",不确定,低（预估）,不确定,11.6% 预估,需要测试,不确定,不确定,低,"한 달간 2,000명 이상 구매했어요",85,4.8,未显示,免打孔/易安装 / 平台转化门槛低 / 材质卖点清晰,"세탁용품, 라카쎄, 모자, 세탁망, 변형방지, 세탁틀, 빨래망","상품 리뷰
85
최고
92%
좋음
4%
보통
1%
별로
1%
나쁨
2%
편리성
아주 편리해요
97%
자세히 보기
동일한 상품에 대해 작성된 상품 리뷰로, 판매자는 다를 수 있습니다.
상품리뷰 운영원칙
61
더보기
베스트순
최신순
모든 별점
도레만 
2026.06.11
판매자: 웨이프리
라카쎄 모자 세탁망 변형방지 세탁틀 빨래망, 2개, 화이트
모자 세탁망은 처음써보네요
모자는 자주 쓰는 편인데, 막상 세탁하려고 하면 제일 애매한 아이템이라서 항상 고민이었습니다. 그냥 세탁기에 돌리면 형태 망가지고 챙 구겨지는 경우가 많고, 손세탁하기에는 번거롭고 말리는 것도 신경 써야 해서 계속 미루게 되더라고요. 그래서 모자 전용 세탁망 한번 써보자 해서 구매하게 됐습니다. 실제로 사용해본 기준으로 솔직하게 후기 남깁니다.

일단 제품 구조부터 보면, 일반 세탁망이 아니라 틀 형태로 되어 있어서 모자 모양을 잡아주는 방식입니다. 이게 핵심인데, 그냥 망에 넣는 거랑은 확실히 차이가 있습니다. 모자를 그대로 끼워서 고정한 상태로 세탁기에 넣으니까, 세탁 과정에서 눌리거나 접히는 부분이 거의 없었습니다. 세탁 끝나고 꺼냈을 때 챙이 구겨지지 않은 게 제일 크게 체감되는 부분이었습니다.

저는 평소에 캡모자 자주 세탁하는 편인데, 이전에는 세탁하고 나면 챙이 휘거나 모양이 틀어져서 다시 손으로 잡아줘야 하는 경우가 많았습니다. 근데 이 제품 쓰고 나서는 그런 과정이 거의 필요 없었습니다.

세탁 후에도 형태가 유지되는 편이라서 바로 말리기만 하면 되는 수준입니다.
세탁력 부분도 확인해봤는데, 망이 너무 촘촘하지 않아서 물이 잘 통합니다. 그래서 안에 넣고 돌려도 세탁이 덜 되는 느낌은 없었고, 땀이나 먼지 제거도 무난하게 되는 편입니다. 특히 여름철에 땀 많이 묻은 모자 세탁할 때 유용합니다.

냄새 제거도 괜찮은 편입니다. 모자 특성상 땀 냄새가 남는 경우가 있는데, 이 제품 사용해서 세탁하면 기본적인 냄새는 잘 빠지는 편입니다. 물론 세제나 세탁 방식에 따라 차이는 있겠지만, 최소한 세탁망 때문에 세척이 안 되는 느낌은 아니었습니다.

사용 방법도 어렵지 않습니다. 모자를 틀에 맞게 끼우고 닫아서 세탁기에 넣으면 끝이라서 따로 신경 쓸 부분이 많지 않습니다. 처음에는 구조가 낯설어서 헷갈릴 수 있는데, 한두 번 해보면 금방 익숙해집니다

내구성도 체크해봤는데, 플라스틱 틀이라서 쉽게 휘거나 부러지는 느낌은 아니었습니다. 세탁기","나쁨
2%
편리성
아주 편리해요
97%
자세히 보기
동일한 상품에 대해 작성된 상품 리뷰로, 판매자는 다를 수 있습니다.
상품리뷰 운영원칙
61
더보기
베스트순
최신순
모든 별점
도레만 
2026.06.11
판매자: 웨이프리
라카쎄 모자 세탁망 변형방지 세탁틀 빨래망, 2개, 화이트
모자 세탁망은 처음써보네요
모자는 자주 쓰는 편인데, 막상 세탁하려고 하면 제일 애매한 아이템이라서 항상 고민이었습니다. 그냥 세탁기에 돌리면 형태 망가지고 챙 구겨지는 경우가 많고",洗衣相关小物场景需求稳定，非明显季节品，全年都有稳定需求。,"7,992~12,488 KRW 预估",用户主要因为解决具体生活场景问题而购买，满意点集中在安装便利、功能直观和性价比，不满点集中在尺寸、耐用度、贴合度或做工细节。,用户主要担心粘贴不牢、安装细节、尺寸预期和局部翘边问题。,如果开发，建议优化尺寸说明、材质耐久、安装体验和细节做工，并做更清晰的场景图与对比卖点。,"洗衣相关小物需求明确，评论数 85，月购提示为 한 달간 2,000명 이상 구매했어요。",打样时重点确认尺寸适配、材质厚度、粘贴/安装稳定性、包装保护和使用说明。,洗衣相关小物值得继续深挖同类竞品，适合建立价格带和差评痛点库。,否,非明显季节品，全年都有稳定需求。,全年,未上传,搜索词：세탁용품；搜索排序约 16；卖家：웨이프리。,不确定,不确定,否,否,否,否,否,中,低,否,不确定,否,低,低,高,低,普通测试,计算利润,B,是,无,2026-06-19
둥이즈 강아지 쿨매트 논슬립 여름 애견 쿨방석,둥이즈 狗用 쿨매트 논슬립 여름 애견 쿨방석,Coupang,https://www.coupang.com/vp/products/9485237767,https://thumbnail.coupangcdn.com/thumbnails/remote/492x492ex/image/vendor_inventory/206b/653109419dc2d87e569e09f8514dbec1b8b871f5601d6d7ff210ab93e089.png,루미온,宠物小用品,未分配,不确定,不确定,로켓배송,品牌卖家,未显示,핑크,알루미늄,180g,未显示,"9,800 KRW","3,724 KRW 预估",不确定,低（预估）,不确定,11.6% 预估,需要测试,不确定,不确定,低,"한 달간 1,000명 이상 구매했어요",80,4.6,未显示,平台转化门槛低 / 材质卖点清晰 / 轻小件，适合继续测算,"반려동물 용품, 둥이즈, 강아지, 쿨매트, 논슬립, 여름, 애견, 쿨방석","상품 리뷰
80
최고
84%
좋음
5%
보통
8%
별로
0%
나쁨
3%
사이즈
정사이즈예요
84%
디자인
아주 마음에 들어요
89%
재질 만족도
아주 마음에 들어요
89%
자세히 보기
동일한 상품에 대해 작성된 상품 리뷰로, 판매자는 다를 수 있습니다.
상품리뷰 운영원칙
15
더보기
베스트순
최신순
모든 별점
이*영 
2026.05.26
판매자: 루미온
둥이즈 강아지 쿨매트 논슬립 여름 애견 쿨방석, 1개, 50x60cm, 블루
요즘 날씨가 슬슬 더워지기 시작해서 저희 집 고양이도 바닥 시원한 곳만 찾아다니더라규요ㅋㅋ 기여워ㅎㅎ 이제 더워하는거 같아서 쿨매트 하나 장만했습니다ㅎㅎ

✅ 사이즈
제가 산 건 대형 사이즈라서 생각했던 것보다 훨씬 넉넉한 편이었는데 이게 생각보다 진짜 좋아요. 고양이 키우시는 분들은 아시겠지만 애들이 몸 쭉 펴고 자는 거 좋아하잖아요? 이건 사이즈가 커서 몸 늘어뜨리고 누워도 공간이 넉넉하더라구요. 저희집 고양이가 7키로라 ㅠㅠ 걱정했는데 넉넉하네요ㅎㅎ

✅ 시원함
사실 차갑게 얼음처럼 차가운 느낌은 아닌데 닿았을 때 은근하게 시원한 느낌이 계속 되더라구요ㅎㅎ 첨에 경계도 안하고 바로 자리 잡고 눕네요ㅋㅋ 여기 앉아서 그루밍도 하고 식빵도 굽고 그래요ㅋㅋ

✅ 대형
혼자 널찍하게 써도 되고 여러 마리 키우는 집이면 같이 누워도 괜찮을 것 같아요. 여름 되면 더 더워질 텐데 미리 준비해두길 잘했다는 생각 드네요!!

장점

* 대형 사이즈라 넉넉해서 몸 쭉 펴고 누워도 편함
* 시원해서 부담 없이 사용 가능
* 여름 대비용으로 미리 준비하기 좋음
* 여러 자세로 뒹굴어도 공간이 충분함

단점

* 엄청 차가운 스타일은 아님

제 리뷰가 조금이나마 도움이 되셨다면 도움이 돼요 부탁드릴게요~
디자인
아주 마음에 들어요
재질 만족도
아주 마음에 들어요
사이즈
정사이즈예요
7명에게 도움이 됐어요
신고하기
쿠키눈낭 
2026.06.16
판매자: 루미온
둥이즈 강아지 쿨매트 논슬립 여름 애견 쿨방석, 1개, 50x60cm, 블루
✅ 3.5kg 소형견에게 딱 맞는 사이즈
✅ 강아지가 스스로 올라가서 잘 사용함
✅ 여름철 시원하게 사용 가능
✅ 가볍고 관리가 편리함
✅ 가격 대비 만족도가 좋은 편

----------------------------------------

포메라니안 쿠키(3.5kg) 여름 대비용으로 구매했는데 생각보다 만족도가 높았습니다. 사실 처음에는 쿨매트 사줘도 안 올라가면 어","나쁨
3%
사이즈
정사이즈예요
84%
디자인
아주 마음에 들어요
89%
재질 만족도
아주 마음에 들어요
89%
자세히 보기
동일한 상품에 대해 작성된 상품 리뷰로, 판매자는 다를 수 있습니다.
상품리뷰 운영원칙
15
더보기
베스트순
최신순
모든 별점
이*영 
2026.05.26
판매자: 루미온
둥이즈 강아지 쿨매트 논슬립 여름 애견 쿨방석, 1개, 50x60cm, 블루
요즘 날씨가 슬슬 더워지기 시작해서 저희 집 고양이도 바닥 시원한 곳만 찾아다니더라규요ㅋㅋ 기",宠物小用品场景需求稳定，非明显季节品，全年都有稳定需求。,"7,840~12,250 KRW 预估",用户主要因为解决具体生活场景问题而购买，满意点集中在安装便利、功能直观和性价比，不满点集中在尺寸、耐用度、贴合度或做工细节。,用户主要担心粘贴不牢、安装细节、尺寸预期和局部翘边问题。,如果开发，建议优化尺寸说明、材质耐久、安装体验和细节做工，并做更清晰的场景图与对比卖点。,"宠物小用品需求明确，评论数 80，月购提示为 한 달간 1,000명 이상 구매했어요。",打样时重点确认尺寸适配、材质厚度、粘贴/安装稳定性、包装保护和使用说明。,宠物小用品值得继续深挖同类竞品，适合建立价格带和差评痛点库。,否,非明显季节品，全年都有稳定需求。,全年,未上传,搜索词：반려동물 용품；搜索排序约 16；卖家：루미온。,不确定,不确定,否,否,否,否,否,中,低,否,不确定,否,低,低,高,低,普通测试,计算利润,B,是,无,2026-06-19
디노르 무타공 흡착식 다용도 후크,디노르 免打孔 흡착식 多用途 挂钩,Coupang,https://www.coupang.com/vp/products/9528427971,https://thumbnail.coupangcdn.com/thumbnails/remote/492x492ex/image/vendor_inventory/7c3e/86962efc22dfc4f0430d9fece91c5b920c6a447eee699bc960e8ba53699d.png,마티에르,收纳用品,未分配,不确定,不确定,로켓배송,品牌卖家,60mm x 40mm,실버,플라스틱,20 KG,未显示,"4,900 KRW","1,862 KRW 预估",不确定,中（预估）,不确定,11.6% 预估,需要测试,不确定,不确定,低,한 달간 300명 이상 구매했어요,63,4.9,未显示,免打孔/易安装 / 收纳整理场景明确 / 平台转化门槛低 / 材质卖点清晰,"무타공 걸이, 디노르, 무타공, 흡착식, 다용도, 후크","상품 리뷰
63
최고
97%
좋음
1%
보통
1%
별로
0%
나쁨
1%
사이즈
딱 맞는 정사이즈예요
90%
디자인
아주 마음에 들어요
98%
자세히 보기
동일한 상품에 대해 작성된 상품 리뷰로, 판매자는 다를 수 있습니다.
상품리뷰 운영원칙
49
더보기
베스트순
최신순
모든 별점
이은비 
2026.06.15
판매자: 마티에르
디노르 무타공 흡착식 다용도 후크, 8개, 혼합색상
0:02
알록달록 귀여운 디자인! 매끈한 면에 붙여야함
집안 곳곳에 자주 쓰는 자질구레한 소품들을 깔끔하게 정리하고 싶어서 알아보다가, 디자인이 너무 귀여운 디노르 무타공 흡착식 다용도 후크를 주문했습니다. 한 상자에 다채로운 혼합 색상으로 8개가 들어있어서 거실, 주방, 아이 방 등 필요한 공간마다 분위기에 맞춰 골라 쓰기 딱 좋은 실속 있는 가성비 제품이에요. 크기도 앙증맞고 색감이 알록달록해서 인테리어 포인트를 주기에도 아주 좋습니다.

우선 초등학생 아이 방 문 옆에 부착해서 매일 들고 다니는 소형 핸드폰 가방을 걸어두고, 주방 타일벽에는 매일 수시로 쓰는 주방 수건을 걸어두는 용도로 활용하고 있습니다. 무타공 흡착식이라 벽에 못을 박거나 끈적이는 스티커 자국을 남기지 않고 깔끔하게 사용할 수 있어서 주부 입장에서 참 마음에 들더라고요.

며칠간 직접 사용해 보며 알게 된 중요한 설치 꿀팁이 있습니다. 처음 아이 방 벽면에 부착해 둔 후크는 벽지나 면이 살짝 거칠어서 그런지 시간이 지나면 툭 하고 잘 떨어지더라고요. 반면에 주방의 매끈한 타일 면에 부착해 둔 후크는 접착력이 아주 짱짱해서 단 한 번도 떨어진 적 없이 단단하게 잘 고정되어 있습니다. 흡착식 제품 특성상 부착하는 면의 재질이 지속력을 좌우하기 때문에, 아이 방에 설치하실 분들은 거친 벽면 대신 매끈한 하이그로시 책장 옆면이나 유리, 유광 가구 표면에 붙여서 사용하시는 것을 적극적으로 추천해 드립니다. 면만 매끄러우면 가벼운 가방이나 소품 정도는 아주 안정적으로 잘 지탱해 줍니다.

가격 대비 수량도 넉넉하고 디자인이 볼 때마다 기분 좋아질 만큼 깜찍해서 아주 만족스럽습니다. 로켓배송 덕분에 주문하고 바로 다음 날 받아서 집안 정리를 빠르게 끝낼 수 있었네요. 못 타공 없이 깔끔하게 가벼운 소품을 정리하고 싶으신 분들, 아이 방을 귀엽게 꾸며줄 아기자기한 다용도 걸이를 찾으시는 분들께 강력 추천해 드립니다.
사이즈
딱 맞는 정사이즈예요
디자인
아주 마음에 들어요
도움이 ","나쁨
1%
사이즈
딱 맞는 정사이즈예요
90%
디자인
아주 마음에 들어요
98%
자세히 보기
동일한 상품에 대해 작성된 상품 리뷰로, 판매자는 다를 수 있습니다.
상품리뷰 운영원칙
49
더보기
베스트순
최신순
모든 별점
이은비 
2026.06.15
판매자: 마티에르
디노르 무타공 흡착식 다용도 후크, 8개, 혼합색상
0:02
알록달록 귀여운 디자인! 매끈한 면에 붙여야함
집안 곳곳에 자주 쓰는 자질구레한 소품들을 깔끔하게 정리하고 싶어서 알아보다가, 디자인이 너",收纳用品场景需求稳定，非明显季节品，全年都有稳定需求。,"3,920~6,125 KRW 预估",用户主要因为解决具体生活场景问题而购买，满意点集中在安装便利、功能直观和性价比，不满点集中在尺寸、耐用度、贴合度或做工细节。,用户主要担心粘贴不牢、安装细节、尺寸预期和局部翘边问题。,如果开发，建议优化尺寸说明、材质耐久、安装体验和细节做工，并做更清晰的场景图与对比卖点。,收纳用品需求明确，评论数 63，月购提示为 한 달간 300명 이상 구매했어요。,打样时重点确认尺寸适配、材质厚度、粘贴/安装稳定性、包装保护和使用说明。,收纳用品值得继续深挖同类竞品，适合建立价格带和差评痛点库。,否,非明显季节品，全年都有稳定需求。,全年,未上传,搜索词：무타공 걸이；搜索排序约 16；卖家：마티에르。,否,不确定,否,否,否,否,否,中,低,否,不确定,否,低,低,高,低,普通测试,申请样品,A,是,无,2026-06-19
"Siemzon 초미세방충망 DIY 셀프교체 창문 먼지차단 촘촘망, 100*100cm, 1개",Siemzon 超细防虫网 DIY 셀프교체 창문 먼지차단 高密度망，100*100cm，1개,Coupang,https://www.coupang.com/vp/products/9509116769,https://thumbnail.coupangcdn.com/thumbnails/remote/492x492ex/image/vendor_inventory/3291/f30e0b25ff1bfda249803096adeaeb7939e90d967de1c49af6c6043c1266.jpg,새로운출발 유한회사,门窗密封用品,未分配,不确定,不确定,로켓배송,品牌卖家,10CM x 4.5M,그레이,화이바,未显示,未显示,"8,730 KRW","3,317 KRW 预估",不确定,低（预估）,不确定,11.6% 预估,需要测试,不确定,不确定,低,한 달간 100명 이상 구매했어요,58,4.6,未显示,防虫需求明确 / 平台转化门槛低 / 材质卖点清晰,"방충망, Siemzon, 초미세방충망, DIY, 셀프교체, 창문, 먼지차단, 촘촘망, 100*100cm","상품 리뷰
58
최고
76%
좋음
12%
보통
12%
별로
0%
나쁨
0%
편리성
아주 편리해요
87%
재질 만족도
아주 마음에 들어요
80%
견고함
아주 견고해요
80%
자세히 보기
동일한 상품에 대해 작성된 상품 리뷰로, 판매자는 다를 수 있습니다.
상품리뷰 운영원칙
2
더보기
베스트순
최신순
모든 별점
김*숙 
2026.06.04
판매자: 새로운출발 유한회사
Siemzon 초미세방충망 DIY 셀프교체 창문 먼지차단 촘촘망, 1개, 150*500cm
여름철 해충 차단과 미세먼지 걱정 없는 Siemzon 초미세방충망 DIY 셀프교체 솔직후기

날이 더워지면서 환기를 하려고 창문을 열어두면 미세한 초파리나 날벌레가 자꾸 들어와 스트레스를 받았습니다.
기존 알루미늄 망이 오래되어 구멍이 느슨해진 것 같아 혼자서 깔끔하게 바꿀 수 있는 보수용 자재를 알아보다 장만했어요.
150*500cm의 넉넉한 롤 규격으로 배송되었는데 망이 촘촘하고 탄탄해서 첫인상부터 신뢰가 팍팍 갔습니다.

날벌레 완벽 차단하는 촘촘한 섬유 밀도

이 제품은 고강도 모노필라멘트 원료를 적용하여 쉽게 삭거나 찢어지지 않는 반영구적인 내구성을 자랑하더라고요.
일반 방충망 대비 두 배 이상 초미세하게 직조되어 눈에 보이지 않는 미세 해충은 물론 대기 중 부유 물질까지 탄탄하게 걸러줍니다.
블랙 망 특유의 시인성 밸런스를 갖추고 있어서 창문에 장착해 두면 안에서는 외부 전경이 투명하게 아주 잘 보이네요.

똥손도 전문가처럼 끝내는 셀프 시공 팁

기존 창틀 프레임을 탈거한 뒤 낡은 망을 제거하고 새 촘촘망을 규격에 맞춰 가위로 부드럽게 재단해 주었습니다.
밀어 넣는 고무 가스켓 홈에 맞춰 슥슥 고정해 주니 울지 않고 팽팽하게 당겨지면서 완벽한 밀착감의 정점을 보여주더라고요.
비가 오면 먼지가 자연스럽게 씻겨 내려가는 자가 세척 기능까지 갖추고 있어서 주방이나 다용도실 창문에 쓰기에도 아주 그만입니다.

바람은 시원하게 유해 물질은 빈틈없이

평소 여름만 되면 방 안으로 들어오는 해충 때문에 밤잠을 설치셨거나 노후된 방충망 교체 비용이 부담스러우셨던 분들께 딱입니다.
바람은 시원하게 통하면서 유해 물질은 완벽하게 차단해 주는 가성비 최고의 미세방충망으로 적극 추천해 드려요.

조금이라도 도움이 되셨으면 좋겠네요~ [도움돼요] 꾹~꾹! ^^
편리성
아주 편리해요
재질 만족도
아주 마음에 들어요
견고함
아주 견고해요
도움이 돼요
신고하기
다시시작해 
20","나쁨
0%
편리성
아주 편리해요
87%
재질 만족도
아주 마음에 들어요
80%
견고함
아주 견고해요
80%
자세히 보기
동일한 상품에 대해 작성된 상품 리뷰로, 판매자는 다를 수 있습니다.
상품리뷰 운영원칙
2
더보기
베스트순
최신순
모든 별점
김*숙 
2026.06.04
판매자: 새로운출발 유한회사
Siemzon 초미세방충망 DIY 셀프교체 창문 먼지차단 촘촘망, 1개, 150*500cm
여름철 해충 차단과 미세먼지 걱정 없는 Siemzon 초미세방충망 DIY",门窗密封用品场景需求稳定，夏季需求更强，天气变热、防虫、防潮或户外使用场景增加。,"6,984~10,913 KRW 预估",用户主要因为解决具体生活场景问题而购买，满意点集中在安装便利、功能直观和性价比，不满点集中在尺寸、耐用度、贴合度或做工细节。,用户主要担心粘贴不牢、安装细节、尺寸预期和局部翘边问题。,如果开发，建议优化尺寸说明、材质耐久、安装体验和细节做工，并做更清晰的场景图与对比卖点。,门窗密封用品需求明确，评论数 58，月购提示为 한 달간 100명 이상 구매했어요。,打样时重点确认尺寸适配、材质厚度、粘贴/安装稳定性、包装保护和使用说明。,门窗密封用品值得继续深挖同类竞品，适合建立价格带和差评痛点库。,是,夏季需求更强，天气变热、防虫、防潮或户外使用场景增加。,夏季,未上传,搜索词：방충망；搜索排序约 16；卖家：새로운출발 유한회사。,否,不确定,否,否,否,否,否,中,中,否,不确定,否,低,低,高,中,PB供应,计算利润,A,是,无,2026-06-19
리빙트리 하수구 트랩 냄새 화장실 차단,리빙트리 하수구 트랩 냄새 卫生间 차단,Coupang,https://www.coupang.com/vp/products/8643178051,https://thumbnail.coupangcdn.com/thumbnails/remote/492x492ex/image/vendor_inventory/fa3d/a61b4377bdd1c3aa3d1e4f2752cd65f616d261d2c270f6e0e823ac9aa88a.png,나무숲,浴室用品,未分配,不确定,不确定,로켓배송,品牌卖家,12.7mmX2.05mm,블랙,스테인리스,2kg,未显示,"6,640 KRW","2,523 KRW 预估",不确定,低（预估）,不确定,11.6% 预估,需要测试,不确定,不确定,中,"한 달간 8,000명 이상 구매했어요",5308,4.5,未显示,免打孔/易安装 / 平台转化门槛低 / 材质卖点清晰,"생활용품, 리빙트리, 하수구, 트랩, 냄새, 화장실, 차단","상품 리뷰
5,307
4,000명 이상 만족했어요
최고
78%
좋음
11%
보통
6%
별로
2%
나쁨
3%
편리성
아주 편리해요
81%
자세히 보기
동일한 상품에 대해 작성된 상품 리뷰로, 판매자는 다를 수 있습니다.
상품리뷰 운영원칙
1736
더보기
베스트순
최신순
모든 별점
사루비아 
2026.06.18
판매자: 나무숲
리빙트리 하수구 트랩 냄새 화장실 차단, 블랙, 10cm, 2개
화장실 하수구 냄새랑 벌레 싹 잡아주는 리빙트리 하수구
​1. 구매 계기랑 첫인상
​날씨가 더워지기 시작하니까 화장실 문 열 때마다 하수구에서 은은하게 올라오는 불쾌한 냄새 때문에 너무 스트레스받더라고요 ㅜㅜ 게다가 어디서 들어오는지 모를 초파리랑 날벌레들이 자꾸 출몰해서 안 되겠다 싶어 하수구 트랩을 알아보다가 주문했습니다 ㅋ ㅋ

​배송받고 딱 뜯었는데 메탈릭한 골드랑 블루 컬러가 매치된 본체 디자인이 엄청 튼튼해 보여서 첫인상부터 무척 정갈하고 마음에 쏙 들었습니다 ㅎㅎ 블랙 컬러에 10cm 규격 2개 구성이라 안방 화장실이랑 거실 화장실에 하나씩 나눠서 설치하기 딱 좋은 아주 든든한 볼륨을 취하고 있어서 만족스러웠어요. 100% 호환된다는 문구답게 마감 처리가 아주 정교하고 깔끔한 형태를 취하고 있어서, 설치하기 전부터 하수구 악취를 얼마나 완벽하게 차단해 줄지 기대감이 장난 아니었습니다 ㅋ ㅋ

​2. 실제 설치하고 느낀 장점 (진짜 냄새 싹 사라짐!!)
​실제로 화장실 하수구 구멍에 툭 꽂아서 설치해 봤는데요 ㅋ ㅋ 와 진짜 설치가 너무 간단해서 똥손인 저도 1초 만에 끝냈습니다. 하수구 사이즈에 맞게 쏙 들어가서 부드럽고 밀착력 있게 고정되니까 겉돌지 않고 틈새를 완벽하게 막아주더라고요 ㅎㅎ

​가장 신기한 건 배수 구조인데, 평소에는 문이 단단하게 닫혀서 냄새랑 벌레를 철통 방어해 주다가 물이 내려갈 때만 무게 때문에 하단 밸브가 열리면서 물이 시원하게 빠지는 메커니즘을 취하고 있습니다 ㅋ ㅋ 샤워하면서 물을 넉넉하게 흘려보내 봤는데, 물 고임이나 역류 현상 없이 부드럽고 배수가 아주 잘 돼서 탄력성이 무척 훌륭하더라고요 ㅎㅎ 설치하고 나서 반나절만 지나도 화장실 들어갈 때 풍기던 텁텁한 악취가 신기할 정도로 온전히 차단돼서 대만족입니다 ㅋ ㅋ 진작 살 걸 왜 이제야 샀나 싶을 정도로 삶의 질을 확 올려주는 필수 상비템입니다 ㅎㅎ

​3. 실사용자가 전하는 솔직한 사용 및 관리 팁 (주의할 점!)
​완벽한 차단 결","나쁨
3%
편리성
아주 편리해요
81%
자세히 보기
동일한 상품에 대해 작성된 상품 리뷰로, 판매자는 다를 수 있습니다.
상품리뷰 운영원칙
1736
더보기
베스트순
최신순
모든 별점
사루비아 
2026.06.18
판매자: 나무숲
리빙트리 하수구 트랩 냄새 화장실 차단, 블랙, 10cm, 2개
화장실 하수구 냄새랑 벌레 싹 잡아주는 리빙트리 하수구
​1. 구매 계기랑 첫인상
​날씨가 더워지기 시작하니까 화장실 문 열 때마다 하수구에서 은은하게 올라오는 불쾌한 냄새",浴室用品场景需求稳定，非明显季节品，全年都有稳定需求。,"5,312~8,300 KRW 预估",用户主要因为解决具体生活场景问题而购买，满意点集中在安装便利、功能直观和性价比，不满点集中在尺寸、耐用度、贴合度或做工细节。,用户主要担心粘贴不牢、安装细节、尺寸预期和局部翘边问题。,如果开发，建议优化尺寸说明、材质耐久、安装体验和细节做工，并做更清晰的场景图与对比卖点。,"浴室用品需求明确，评论数 5308，月购提示为 한 달간 8,000명 이상 구매했어요。",打样时重点确认尺寸适配、材质厚度、粘贴/安装稳定性、包装保护和使用说明。,浴室用品值得继续深挖同类竞品，适合建立价格带和差评痛点库。,否,非明显季节品，全年都有稳定需求。,全年,未上传,搜索词：생활용품；搜索排序约 17；卖家：나무숲。,不确定,不确定,否,否,否,否,否,中,低,否,不确定,否,高,高,高,低,普通测试,计算利润,B,是,无,2026-06-19
"생활톡 35mm 실리콘 문틀 현관문 바람막이 해충 방풍 차단 테이프 5m, 2개",생활톡 35mm 硅胶 문틀 현관문 바람막이 防虫 防风 阻隔胶带 5m，2개,Coupang,https://www.coupang.com/vp/products/8461715969,https://thumbnail.coupangcdn.com/thumbnails/remote/492x492ex/image/vendor_inventory/e19e/d8832aaea1f396d09de3cb4e4afbdb20b209daac8143c327beb707f42ed8.jpg,포포에어,门窗密封用品,未分配,不确定,不确定,로켓배송,品牌卖家,45mm x 5m,투명,실리콘,50g,未显示,"3,900 KRW","1,482 KRW 预估",不确定,低（预估）,不确定,11.6% 预估,需要测试,不确定,不确定,中,"한 달간 1,000명 이상 구매했어요",896,4.4,未显示,免打孔/易安装 / 防风隔热效果明确 / 平台转化门槛低 / 材质卖点清晰,"문풍지, 생활톡, 35mm, 실리콘, 문틀, 현관문, 바람막이, 해충, 방풍","상품 리뷰
896
700명 이상 만족했어요
최고
74%
좋음
12%
보통
5%
별로
2%
나쁨
7%
발색 정도
예상했던 색감이에요
85%
냄새
거의 안 나요
81%
지속도
금방 날아가요
78%
건조도
금방 말라요
65%
자세히 보기
동일한 상품에 대해 작성된 상품 리뷰로, 판매자는 다를 수 있습니다.
상품리뷰 운영원칙
126
더보기
베스트순
최신순
모든 별점
박*조 
2025.10.24
판매자: 코어존
생활톡 35mm 실리콘 문틀 현관문 바람막이 해충 방풍 차단 테이프 5m, 1개
방풍차단 테이프로 차가운 바람 차단하세요
생활톡 35mm 실리콘 문틀 현관문 바람막이 해충 방풍 차단 테이프 5m

더운 여름 문 틈새로 빠져 나가는 시원한 공기로 인해 에어컨 냉각 효율이 떨어지는 느낌이 들어 구매 했어요.

반대로 겨울철에는 냉기가 들어오지 않도록 냉기 차단 역활도 잘 되리라 생각 됩니다

실리콘 재질이라 탄성이 좋고, 문을 닫을 때 걸림 없이 자연스럽게 밀착돼요.
양면테이프로 부착하는 방식이라 설치도 간단하고, 길이도 넉넉해서 현관문 한쪽에 붙이고 남았어요.

붙이기 전엔 틈새로 냉기가 빠져나가는데, 부착 후엔 문틈이 확실히 막혀서 실내 온도 유지가 훨씬 잘돼요.
소음 차단 효과도 있어서 문 닫을 때 ‘쾅’ 소리가 덜 나고 부드럽게 닫히는 느낌이에요.

특히 겨울철엔 차가운 겨울 바람을 막아줘서 사계절 내내 쓸 수 있을 것 같아요.
생활필수템이라 생각 됩니다.

""생활톡 35mm 실리콘 문틀 현관문 바람막이 해충 방풍 차단 테이프""의 특징은
1. 실리콘 재질로 유연하고 밀착력 좋음
2. 양면테이프 부착이라 설치 간편함
3. 방풍·방음·방충 효과 모두 만족
4. 5m 길이로 현관문 한쪽 충분히 커버 가능
5. 문 여닫을 때 걸림 없이 자연스럽게 작동
위와같은 좋은 특징이 가지고 있는 제품입니다.

부착방법은 간단해요.
1. 필요한 길이를 잰 다음 잘라주세요.
2. 설치할 부분을 깨끗이 닦아줍니다.
3. 접착 테이프를 떼어 부착해줍니다.
4. 단단하게 붙도록 꾹 눌러줍니다.

설치도 간단하고 여름철 시원한 공기가 빠져나가는 것을 막아주고, 겨울철엔 들어오는 차가운 바람을 막아주는
""생활톡 35mm 실리콘 문틀 현관문 바람막이 해충 방풍 차단 테이프""를 추천합니다.
발색 정도
예상했던 색감이에요
건조도
금방 말라요
냄새
거의 안 나요
지속도
금방 날아가요
6명에게 도움이 됐어요
신고하기
이*연 
2025.10.14
판","나쁨
7%
발색 정도
예상했던 색감이에요
85%
냄새
거의 안 나요
81%
지속도
금방 날아가요
78%
건조도
금방 말라요
65%
자세히 보기
동일한 상품에 대해 작성된 상품 리뷰로, 판매자는 다를 수 있습니다.
상품리뷰 운영원칙
126
더보기
베스트순
최신순
모든 별점
박*조 
2025.10.24
판매자: 코어존
생활톡 35mm 실리콘 문틀 현관문 바람막이 해충 방풍 차단 테이프 5m, 1개
방풍차단 테이프로 차가운 바람 차단하세요
생활톡 35mm 실리콘 문틀",门窗密封用品场景需求稳定，秋冬需求更强，主要用于防风、保温、减少冷气流失。,"3,120~4,875 KRW 预估",用户主要因为解决具体生活场景问题而购买，满意点集中在安装便利、功能直观和性价比，不满点集中在尺寸、耐用度、贴合度或做工细节。,用户主要担心粘贴不牢、安装细节、尺寸预期和局部翘边问题。,如果开发，建议优化尺寸说明、材质耐久、安装体验和细节做工，并做更清晰的场景图与对比卖点。,"门窗密封用品需求明确，评论数 896，月购提示为 한 달간 1,000명 이상 구매했어요。",打样时重点确认尺寸适配、材质厚度、粘贴/安装稳定性、包装保护和使用说明。,门窗密封用品值得继续深挖同类竞品，适合建立价格带和差评痛点库。,是,秋冬需求更强，主要用于防风、保温、减少冷气流失。,秋季 / 冬季,未上传,搜索词：문풍지；搜索排序约 17；卖家：포포에어。,不确定,不确定,否,否,否,否,否,中,低,否,不确定,否,中,中,低,低,普通测试,计算利润,B,是,无,2026-06-19
"[2+1] 루시아이 무타공 흡착 스텐 후크 2colors, 블랙, 3개",[2+1] 루시아이 免打孔 흡착 스텐 挂钩 2colors，블랙，3개,Coupang,https://www.coupang.com/vp/products/9479090057,https://thumbnail.coupangcdn.com/thumbnails/remote/492x492ex/image/vendor_inventory/104f/ae337d5d2f7f59c84ef7b859c9fea60fc20814227d90795479ab43f11be9.jpg,주식회사 루시아이,收纳用品,未分配,不确定,不确定,로켓배송,品牌卖家,60mm x 40mm,화이트,스테인리스,20KG,未显示,"10,790 KRW","4,100 KRW 预估",不确定,中（预估）,不确定,11.6% 预估,需要测试,不确定,不确定,低,한 달간 200명 이상 구매했어요,90,4.6,未显示,免打孔/易安装 / 收纳整理场景明确 / 平台转化门槛低 / 材质卖点清晰,"무타공 걸이, [2+1], 루시아이, 무타공, 흡착, 스텐, 후크, 2colors, 블랙","상품 리뷰
90
최고
88%
좋음
3%
보통
3%
별로
1%
나쁨
5%
사이즈
딱 맞는 정사이즈예요
97%
디자인
아주 마음에 들어요
90%
자세히 보기
동일한 상품에 대해 작성된 상품 리뷰로, 판매자는 다를 수 있습니다.
상품리뷰 운영원칙
74
더보기
베스트순
최신순
모든 별점
채리사탕 
2026.06.16
판매자: 주식회사 루시아이
[2+1] 루시아이 무타공 흡착 스텐 후크 2colors, 실버, 3개
요즘 생활용품들 너무 잘 나오네요!
아이 가방을 둘 곳이 마땅치 않아서 늘 고민이었어요

의자에 걸어두자니 자꾸 떨어지고,
문고리에 걸어두자니 보기에도 깔끔하지 않더라고요.

그러던 중 다른 플랫폼에서 우연히
이 제품을 보게 됐는데 마음에 들어서 쿠팡에서도 찾아봤더니
판매하고 있어서 바로 구매했습니다.

결론부터 말하면 정말 만족하면서 사용하고 있어요

디자인이 깔끔하고 군더더기 없는 스텐 소재라
어느 공간에 설치해도 잘 어울립니다.

아이방은 물론 현관이나 드레스룸, 주방 등
다양한 공간에 사용하기 좋을 것 같아요.

무엇보다 무타공 제품이라 설치가 정말 간편했어요.

벽에 구멍을 뚫을 필요가 없으니 부담도 없고,
전동드릴 같은 공구도 필요하지 않아서 누구나 쉽게 설치할 수 있습니다.

고정력도 만족스러운 편이에요.

다만 설치할 때 한 가지 꼭 참고하셔야 할 점이 있습니다.

스티커만 붙여두고 끝내는 게 아니라,
부착 후에 꼭 뒤쪽 고정 꼭지를 돌려서 잠가줘야 해요.

이 과정을 해야 흡착력이 제대로 올라가고 훨씬 단단하게 고정됩니다.

저도 처음에는 대충 설치했다가 다시 설명을 보고
제대로 고정했더니 차이가 꽤 크더라고요.

지금은 아이 가방을 걸어두는 용도로 사용 중인데
보기에도 깔끔하고 사용하기도 편해서 만족스럽습니다.

작지만 생활의 편리함을 높여주는 아이템이라 잘 샀다는 생각이 드네요✨

제 리뷰가 도움이 되셨다면
'도움이 돼요' 버튼 한번 부탁드립니다
사이즈
딱 맞는 정사이즈예요
디자인
아주 마음에 들어요
도움이 돼요
신고하기
정*민 
2026.06.05
판매자: 주식회사 루시아이
[2+1] 루시아이 무타공 흡착 스텐 후크 2colors, 실버, 3개
튼튼하고 간편한 걸이
욕실이나 주방에서 사용할 깔끔한 후크를 찾다가 구매했는데 생각보다 만족도가 높아서 리뷰 남깁니다!

기존에 사용하던 접착식 후크는 시간이 지나면 떨어지거나 접착 자국이 남아서 아쉬웠는데, 이 제품은 무타공 흡착 방식이라 설치도","나쁨
5%
사이즈
딱 맞는 정사이즈예요
97%
디자인
아주 마음에 들어요
90%
자세히 보기
동일한 상품에 대해 작성된 상품 리뷰로, 판매자는 다를 수 있습니다.
상품리뷰 운영원칙
74
더보기
베스트순
최신순
모든 별점
채리사탕 
2026.06.16
판매자: 주식회사 루시아이
[2+1] 루시아이 무타공 흡착 스텐 후크 2colors, 실버, 3개
요즘 생활용품들 너무 잘 나오네요!
아이 가방을 둘 곳이 마땅치 않아서 늘 고민이었어요

의자에 걸어두자니 자꾸 떨어",收纳用品场景需求稳定，非明显季节品，全年都有稳定需求。,"8,632~13,488 KRW 预估",用户主要因为解决具体生活场景问题而购买，满意点集中在安装便利、功能直观和性价比，不满点集中在尺寸、耐用度、贴合度或做工细节。,用户主要担心粘贴不牢、安装细节、尺寸预期和局部翘边问题。,如果开发，建议优化尺寸说明、材质耐久、安装体验和细节做工，并做更清晰的场景图与对比卖点。,收纳用品需求明确，评论数 90，月购提示为 한 달간 200명 이상 구매했어요。,打样时重点确认尺寸适配、材质厚度、粘贴/安装稳定性、包装保护和使用说明。,收纳用品值得继续深挖同类竞品，适合建立价格带和差评痛点库。,否,非明显季节品，全年都有稳定需求。,全年,未上传,搜索词：무타공 걸이；搜索排序约 17；卖家：주식회사 루시아이。,否,不确定,否,否,否,否,否,中,低,是,不确定,否,低,低,高,高,暂缓,继续观察,C,否,综合风险偏高,2026-06-19
창문햇빛가리개 베란다 단열 보온 막 커튼 2P,창문햇빛가리개 베란다 단열 보온 막 커튼 2P,Coupang,https://www.coupang.com/vp/products/8337954500,https://thumbnail.coupangcdn.com/thumbnails/remote/492x492ex/image/vendor_inventory/image_audit/stage/manual/4c267d31e85afb5c38306c6afd391c3ba6d669d57809f20a7976e11764ac_1773036606040.png,소미,窗帘配件,未分配,不确定,不确定,로켓배송,品牌卖家,1m x 10m,그린,PVC,未显示,未显示,"17,120 KRW","6,506 KRW 预估",不确定,低（预估）,不确定,11.6% 预估,需要测试,不确定,不确定,低,한 달간 200명 이상 구매했어요,87,4.6,未显示,免打孔/易安装 / 防风隔热效果明确 / 平台转化门槛低,"창문 단열, 창문햇빛가리개, 베란다, 단열, 보온, 막, 커튼, 2P","상품 리뷰
87
최고
81%
좋음
8%
보통
6%
별로
3%
나쁨
2%
색상
화면과 비슷해요
64%
크기
일정해요
77%
비침 정도
비침이 없어요
96%
자세히 보기
동일한 상품에 대해 작성된 상품 리뷰로, 판매자는 다를 수 있습니다.
상품리뷰 운영원칙
6
더보기
베스트순
최신순
모든 별점
유*화 
2026.02.17
판매자: 소미
창문햇빛가리개 베란다 단열 보온 막 커튼 2P, 흡작식
0:12
한기가 막아지네요
올겨울 여전히 거실에서 잠드는 남편. 거실창문에서 느껴지는 한기가 춥다고 히길래 방법이 없을까 찾아보다가.. 상황에 따라 탈부착이 쉬우면서도 확실하게 열 차단과 보온 효과를 얻을 수 있는 실용적인 해결책을 찾던 중 이 흡착식 단열 막 커튼 2P 세트를 구매하게 되었습니다.

일단 이 제품을 보니 평소 여름철에는 거실까지 밀고 들어오는 강렬한 직사광선 때문에 집안 온도가 급격히 상승하고, 겨울철에는 베란다 창문을 통해 들어오는 냉기 때문에 난방 효율이 떨어지는 고민을 어느정도 해결할 수 있을 것 같아 기뻤습니다.

​이 제품은 무엇보다 별도의 타공이나 복잡한 설치 과정 없이 동봉된 흡착판(뽁뽁이)을 이용해 유리창에 바로 간단하게 붙일 수 있다는 점이 가장 큰 특징입니다.

은박 소재나 고밀도 단열 원단이 빛을 반사하고 외부 온도를 차단해 주는 덕분에, 여름에는 실내를 서늘하게 유지하고 겨울에는 내부의 온기가 밖으로 새나가지 않도록 돕는 이중 효과가 뛰어납니다.

특히 2장 구성이라 넓은 거실 창의 핵심 위치를 커버할 수 있으며, 필요에 따라 위치를 자유롭게 옮기거나 사용하지 않을 때는 돌돌 말아서 보관할 수 있어 공간 활용도가 매우 높다는 장점이 있습니다.

​다만 소재의 특성상 제품을 처음 개봉했을 때 특유의 비닐 냄새가 약간 날 수 있어 환기가 필요하며, 흡착식이다 보니 유리창에 먼지나 습기가 있으면 고정력이 약해져 간혹 떨어질 수 있다는 단점이 있습니다.

또한 기능성에 집중한 디자인이다 보니 인테리어 측면에서는 다소 투박해 보일 수 있고, 창문을 완전히 가렸을 때 실내가 다소 어두워질 수 있다는 점은 구매 전 참고해야 할 부분입니다.

일단 두장을 남편이 잠자는 위치에 붙였는데 한기가 훨씬 줄었다고 하니 구매한 보람이 느껴졌습니다. 비록 보여지는 이미지는 좀 투박하지만 기능은 좋습니다. 어차피 떼었다 붙였다 할 수 있으니 유용하게 사용할 수 있을 것 같습니다.

도움이 돼요 버튼 부탁드립니다.

","나쁨
2%
색상
화면과 비슷해요
64%
크기
일정해요
77%
비침 정도
비침이 없어요
96%
자세히 보기
동일한 상품에 대해 작성된 상품 리뷰로, 판매자는 다를 수 있습니다.
상품리뷰 운영원칙
6
더보기
베스트순
최신순
모든 별점
유*화 
2026.02.17
판매자: 소미
창문햇빛가리개 베란다 단열 보온 막 커튼 2P, 흡작식
0:12
한기가 막아지네요
올겨울 여전히 거실에서 잠드는 남편. 거실창문에서 느껴지는 한기가 춥다고 히길래 방법이 없을까 찾아보다가.. ",窗帘配件场景需求稳定，夏季需求更强，天气变热、防虫、防潮或户外使用场景增加。,"13,696~21,400 KRW 预估",用户主要因为解决具体生活场景问题而购买，满意点集中在安装便利、功能直观和性价比，不满点集中在尺寸、耐用度、贴合度或做工细节。,用户主要担心粘贴不牢、安装细节、尺寸预期和局部翘边问题。,如果开发，建议优化尺寸说明、材质耐久、安装体验和细节做工，并做更清晰的场景图与对比卖点。,窗帘配件需求明确，评论数 87，月购提示为 한 달간 200명 이상 구매했어요。,打样时重点确认尺寸适配、材质厚度、粘贴/安装稳定性、包装保护和使用说明。,窗帘配件值得继续深挖同类竞品，适合建立价格带和差评痛点库。,是,夏季需求更强，天气变热、防虫、防潮或户外使用场景增加。,夏季,未上传,搜索词：창문 단열；搜索排序约 17；卖家：소미。,不确定,不确定,否,否,否,否,否,中,低,否,不确定,否,低,低,中,低,普通测试,申请样品,A,是,无,2026-06-19
"헤인느 전차종 호환 차량 틈새 쿠션 자동차 사이드 포켓, 레드, 2개",헤인느 전차종 호환 차량 틈새 쿠션 자동차 侧边口袋，레드，2개,Coupang,https://www.coupang.com/vp/products/8428979691,https://thumbnail.coupangcdn.com/thumbnails/remote/492x492ex/image/vendor_inventory/05c3/14eed41951056f2a36d2bbd1a630093e10533532f3ebe1f27b937d567e37.png,헤인느,门窗密封用品,未分配,不确定,不确定,로켓배송,品牌卖家,未显示,베이지,실리콘,5 G,未显示,"5,800 KRW","2,204 KRW 预估",不确定,低（预估）,不确定,11.6% 预估,需要测试,不确定,不确定,中,한 달간 100명 이상 구매했어요,7090,4.2,未显示,防风隔热效果明确 / 平台转化门槛低 / 材质卖点清晰,"차량용 소품, 헤인느, 전차종, 호환, 차량, 틈새, 쿠션, 자동차, 사이드","상품 리뷰
7,090
5,000명 이상 만족했어요
최고
64%
좋음
13%
보통
11%
별로
5%
나쁨
7%
사이즈
딱 맞는 정사이즈예요
65%
디자인
아주 마음에 들어요
54%
편리성
아주 편리해요
56%
재질 만족도
아주 마음에 들어요
56%
자세히 보기
동일한 상품에 대해 작성된 상품 리뷰로, 판매자는 다를 수 있습니다.
상품리뷰 운영원칙
1417
더보기
베스트순
최신순
모든 별점
이*훈 
2026.06.14
판매자: 헤인느
헤인느 전차종 호환 차량 틈새 쿠션 자동차 사이드 포켓, 2개, 블랙
싼타페 차량에 잘 맞아요!
운전하다가 휴대폰이나 카드가 시트 틈으로 빠질 때마다 스트레스였는데, 이거 하나로 해결됐어요
설치도 간단하고 수납공간까지 생겨서 생각보다 훨씬 만족스럽게 사용 중입니다.

✔️ 특징

* 시트 틈새를 막아줘서 물건이 빠지는 걸 방지해 줍니다.
* 수납공간이 있어 휴대폰이나 카드 보관하기 편해요.
* 블랙 컬러라 차량 내부와 자연스럽게 잘 어울립니다.
* 전차종 호환 제품이라 설치가 비교적 간편해요.
* 2개 구성이라 운전석과 조수석 모두 사용할 수 있습니다.

✔️ 사용 후기

* 휴대폰이 시트 사이로 떨어지는 일이 없어져서 정말 편해요.
* 주차권이나 카드 같은 작은 물건 넣어두기 좋습니다.
* 설치가 어렵지 않아 몇 초 만에 장착했어요.
* 차량 내부가 조금 더 깔끔하게 정리된 느낌입니다.

✔️ 활용도

* 휴대폰, 카드, 동전 등 자잘한 물건 보관에 유용해요.
* 장거리 운전할 때도 자주 쓰는 물건 꺼내기 편합니다.
* 차 안 수납공간이 부족한 분들에게 추천해요.
* 틈새 먼지나 이물질이 떨어지는 것도 줄여줍니다.

✔️ 아쉬운점

* 차량 시트 모양에 따라 밀착감 차이가 있을 수 있어요.
* 너무 두꺼운 물건을 넣으면 공간이 좁게 느껴질 수 있습니다.
* 구매 전 차량 시트 사이즈를 확인하면 더 좋을 것 같아요.

전체적으로 가격 대비 만족도가 높은 차량용 아이템입니다
한 번 써보면 왜 이제 샀나 싶을 정도로 실용적이네요
사이즈
딱 맞는 정사이즈예요
디자인
아주 마음에 들어요
편리성
아주 편리해요
재질 만족도
아주 마음에 들어요
2명에게 도움이 됐어요
신고하기
아내바보 
2026.06.05
판매자: 헤인느
헤인느 전차종 호환 차량 틈새 쿠션 자동차 사이드 포켓, 2개, 브라운
BMW X4 커피색시트와 완전 일치합니다. 굿굿굿!!
제품명
헤인느 전차종 호환 차량 틈새 쿠션 자동차 사","나쁨
7%
사이즈
딱 맞는 정사이즈예요
65%
디자인
아주 마음에 들어요
54%
편리성
아주 편리해요
56%
재질 만족도
아주 마음에 들어요
56%
자세히 보기
동일한 상품에 대해 작성된 상품 리뷰로, 판매자는 다를 수 있습니다.
상품리뷰 운영원칙
1417
더보기
베스트순
최신순
모든 별점
이*훈 
2026.06.14
판매자: 헤인느
헤인느 전차종 호환 차량 틈새 쿠션 자동차 사이드 포켓, 2개, 블랙
싼타페 차량에 잘 맞아요!
운전하다가 휴대폰이나 카드가 시트",门窗密封用品场景需求稳定，非明显季节品，全年都有稳定需求。,"4,640~7,250 KRW 预估",用户主要因为解决具体生活场景问题而购买，满意点集中在安装便利、功能直观和性价比，不满点集中在尺寸、耐用度、贴合度或做工细节。,用户主要担心粘贴不牢、安装细节、尺寸预期和局部翘边问题。,如果开发，建议优化尺寸说明、材质耐久、安装体验和细节做工，并做更清晰的场景图与对比卖点。,门窗密封用品需求明确，评论数 7090，月购提示为 한 달간 100명 이상 구매했어요。,打样时重点确认尺寸适配、材质厚度、粘贴/安装稳定性、包装保护和使用说明。,门窗密封用品值得继续深挖同类竞品，适合建立价格带和差评痛点库。,否,非明显季节品，全年都有稳定需求。,全年,未上传,搜索词：차량용 소품；搜索排序约 18；卖家：헤인느。,不确定,不确定,否,否,否,否,否,中,低,否,不确定,否,高,高,高,低,普通测试,计算利润,B,是,无,2026-06-19
허그윈터 20m 최장길이 외풍차단 문풍지 화이트,허그윈터 20m 최장길이 防外风 门缝防风条 화이트,Coupang,https://www.coupang.com/vp/products/8467985957,https://thumbnail.coupangcdn.com/thumbnails/remote/492x492ex/image/vendor_inventory/a1a6/31f7c434cbffcf040d44f985b99c86ea5318a155463942642892ed5e4b8d.jpg,낭만 스토어,门窗密封用品,未分配,不确定,不确定,로켓배송,品牌卖家,45mm x 5m,화이트,실리콘,10.5g,未显示,"5,990 KRW","2,276 KRW 预估",不确定,低（预估）,不确定,11.6% 预估,需要测试,不确定,不确定,中,한 달간 100명 이상 구매했어요,704,4.7,未显示,免打孔/易安装 / 防风隔热效果明确 / 平台转化门槛低 / 材质卖点清晰,"문풍지, 허그윈터, 20m, 최장길이, 외풍차단, 문풍지, 화이트","상품 리뷰
704
600명 이상 만족했어요
최고
79%
좋음
14%
보통
5%
별로
1%
나쁨
1%
발색 정도
예상했던 색감이에요
90%
냄새
거의 안 나요
87%
지속도
금방 날아가요
86%
건조도
금방 말라요
74%
자세히 보기
동일한 상품에 대해 작성된 상품 리뷰로, 판매자는 다를 수 있습니다.
상품리뷰 운영원칙
388
더보기
베스트순
최신순
모든 별점
나*영 
2026.04.23
판매자: 낭만 스토어
허그윈터 20m 최장길이 외풍차단 문풍지 화이트, 1개
외풍차단에 효과 굿!
몇달 사용후기

추운 겨울을 맞아 샷시가 이중인데도 문틈으로 바람이 들어와 방이 너무 차갑고 불편하여 알아보다 허그윈터 20m 최장길이 외풍차단 문풍지를 설치해봤는데 진작 설치해 줄걸 하는 생각이 들었습니다.


❄️ 설치 전 문제

✔️ 샷시 이중 구조임에도
틈 사이로 찬바람이 세면서 아이가 잘때 춥다고 하여 구매.


️ 설치 과정

✔️ 제품 길이가 20m로 넉넉해
문과 창문 틈 모두 넉넉하게 커버되었고,
붙이기도 생각보다 쉽고 깔끔했어요.
접착력도 좋고, 초보자도 한 번에 붙일 수 있습니다.

️ 설치 후 변화

✨ 설치하고 나서 창틀틈으로
찬바람이 들어오지 않으니
방 안이 훨씬 포근하고 따뜻해졌어요.
물론 커튼도 함께 설치되어 좀 더 포근 합니다.



아이방에도 효과 만점!

✔️ 아이 방에 창틀에서 틈새 바람이 안들어오니
겨울에도 쾌적하고 안정적인 온도 유지가 되어
아이가 설치전보다 훨씬 편하게 지내고 있습니다.
이중창 다 붙이고 남았고 안방에도 추가 구매해서 설치했습니다.
벌레가 들어오는 틈도 막은것 같아 이중 효과가 생겼습니다.

총평

✔️ 바람 들어오는 틈새 해결용으로는 가성비 최고
✔️ 설치 쉬움 + 효과 확실
✔️ 난방비 절약 + 집 전체 포근함 증가
✔️ 추가 구매까지 할 정도로 가성비 만족

외풍 때문에 고민 중이라면
허그윈터 외풍차단 문풍지는
틈새바람차단에 효과 있는 겨울 준비템으로
추천 드립니다.

외풍 자체를 다 차단 할 순 없지만 순수하게 제 기능으로 틈새 바람은 잡는 효과가 있고
여름에도 에어컨 사용시 냉기가 세지 않을 것 같습니다.
벌레가 들어오는 구멍도 막아져서 여름에도 좋을듯 합니다.

참고로 저희집은 창틀 안쪽으로 신랑이 설치를 해서 좀 더 차단 효과를 높여 보았습니다. (사진첨부)

몇달 사용후기: 외풍이 창문쪽에 심했는데 설치 후 좋아져서 포근하게 유지됩니다.
계속 잘 붙어있어요.
발색","나쁨
1%
발색 정도
예상했던 색감이에요
90%
냄새
거의 안 나요
87%
지속도
금방 날아가요
86%
건조도
금방 말라요
74%
자세히 보기
동일한 상품에 대해 작성된 상품 리뷰로, 판매자는 다를 수 있습니다.
상품리뷰 운영원칙
388
더보기
베스트순
최신순
모든 별점
나*영 
2026.04.23
판매자: 낭만 스토어
허그윈터 20m 최장길이 외풍차단 문풍지 화이트, 1개
외풍차단에 효과 굿!
몇달 사용후기

추운 겨울을 맞아 샷시가 이중인데도 문틈으로 바람이",门窗密封用品场景需求稳定，秋冬需求更强，主要用于防风、保温、减少冷气流失。,"4,792~7,488 KRW 预估",用户主要因为解决具体生活场景问题而购买，满意点集中在安装便利、功能直观和性价比，不满点集中在尺寸、耐用度、贴合度或做工细节。,用户主要担心粘贴不牢、安装细节、尺寸预期和局部翘边问题。,如果开发，建议优化尺寸说明、材质耐久、安装体验和细节做工，并做更清晰的场景图与对比卖点。,门窗密封用品需求明确，评论数 704，月购提示为 한 달간 100명 이상 구매했어요。,打样时重点确认尺寸适配、材质厚度、粘贴/安装稳定性、包装保护和使用说明。,门窗密封用品值得继续深挖同类竞品，适合建立价格带和差评痛点库。,是,秋冬需求更强，主要用于防风、保温、减少冷气流失。,秋季 / 冬季,未上传,搜索词：문풍지；搜索排序约 18；卖家：낭만 스토어。,否,不确定,否,否,否,否,否,中,中,否,不确定,否,中,中,高,低,普通测试,申请样品,A,是,无,2026-06-19
"[SELFRIM] 창문 방충망 보수 DIY 교체 세트 잘라쓰는 초미세 방충망, 1.2m*2.5m, 1세트",[SELFRIM] 창문 防虫网 보수 DIY 교체 세트 잘라쓰는 超细 防虫网，1.2m*2.5m，1세트,Coupang,https://www.coupang.com/vp/products/9478321853,https://thumbnail.coupangcdn.com/thumbnails/remote/492x492ex/image/vendor_inventory/39fb/ce53ba623d08ab8748ec3b4e7c8ed2ffa49ea402f2d061356fe0c6bf6a24.png,주식회사 포그로우,门窗密封用品,未分配,不确定,不确定,로켓배송,品牌卖家,10CM x 4.5M,블랙,화이바,未显示,未显示,"14,890 KRW","5,658 KRW 预估",不确定,低（预估）,不确定,11.6% 预估,需要测试,不确定,不确定,低,"한 달간 1,000명 이상 구매했어요",205,4.6,未显示,防虫需求明确 / 平台转化门槛低 / 材质卖点清晰,"방충망, [SELFRIM], 창문, 방충망, 보수, DIY, 교체, 세트, 잘라쓰는","상품 리뷰
205
100명 이상 만족했어요
최고
83%
좋음
9%
보통
4%
별로
1%
나쁨
3%
편리성
아주 편리해요
70%
재질 만족도
아주 마음에 들어요
62%
견고함
아주 견고해요
61%
자세히 보기
동일한 상품에 대해 작성된 상품 리뷰로, 판매자는 다를 수 있습니다.
상품리뷰 운영원칙
62
더보기
베스트순
최신순
모든 별점
여*권 
2026.05.15
판매자: 주식회사 포그로우
[SELFRIM] 창문 방충망 보수 DIY 교체 세트 잘라쓰는 초미세 방충망, 1세트, 1.2m*2.5m
예전에 방충망 업자 했었습니다

방충방 사실때는

PPT,PTT 재질인 프로필렌 테레프탈레이트 소재인점 확인하시고 사세요

이제품은 플필렌 테레프탈레이트 소재라 저도 구입했습니다.

일반 유리나, 알류미늄 소재 방충망은 쉽게 부식되서 오래못써요

구성이 좋아서 이가격이면 괜찮겠다 싶어서 구매했습니다

요즘 미세 촘촘망 방충망이다 뭐 미세먼지 막아준다 이런 방충망 광고들이 있는데 실제로 그런 방충망들은 바람도 잘 안통하고 밖이 잘 안보이고 어두컴컴해서
별로입니다

일반적 기본 방충망들이 16~18메쉬인 제품들이 많은데
쉽게 설명하자면 1인치 구간안에 들어가는 구멍이 16~18개 라고 생각하시면 되요

이건 22*22 제품이니까 일반 방충망보단 구멍이더 작고
초미세 방충망보다는 좀더 큰 제품이에요

일반적으로 사용할때는 이 규격 방충망이 팔방미인입니다

또 미세먼지막는다는 방충망은 좀 과장된거니까 그런 업자있으면 거르세요

프로필렌 테레프탈레이트 소재 방충망이 uv에 강해서 직접화력(불) 빼고는 내구성면에서 압도적으로 좋아요

낙하방지용으로도 많이 쓰는 소재라 내구성이좋아요 안삭고 오래갑니다

직접 받아서 만저보니 정말 괜찮은 소재로 판매하셔서 후기남깁니다.
50명에게 도움이 됐어요
신고하기
전*원 
2026.05.13
판매자: 주식회사 포그로우
[SELFRIM] 창문 방충망 보수 DIY 교체 세트 잘라쓰는 초미세 방충망, 1세트, 1.2m*2.5m
업체를 부를까 하다가 옴마야..

창문 2개 교체하면서 18만원 달라고하더라고요..

남편이 유튜브 찾아보더니 직접 해보겠다고 해서 주문했어요

미세 방충망 구조라 작은 벌레도 잘 막아줄거같고

재질이 아주 짱짱하고 튼튼해서 마음에 들었어요

남편이랑 둘이서 해보니 어렵지않고 쉽더라고요

요즘은 찾아보면 진짜 다 할 수 있는 세상이라는 생각이 들었어요

그냥 방충망 틀 보다 좀 크게","나쁨
3%
편리성
아주 편리해요
70%
재질 만족도
아주 마음에 들어요
62%
견고함
아주 견고해요
61%
자세히 보기
동일한 상품에 대해 작성된 상품 리뷰로, 판매자는 다를 수 있습니다.
상품리뷰 운영원칙
62
더보기
베스트순
최신순
모든 별점
여*권 
2026.05.15
판매자: 주식회사 포그로우
[SELFRIM] 창문 방충망 보수 DIY 교체 세트 잘라쓰는 초미세 방충망, 1세트, 1.2m*2.5m
예전에 방충망 업자 했었습니다

방충방 사실때는

PPT,",门窗密封用品场景需求稳定，夏季需求更强，天气变热、防虫、防潮或户外使用场景增加。,"11,912~18,613 KRW 预估",用户主要因为解决具体生活场景问题而购买，满意点集中在安装便利、功能直观和性价比，不满点集中在尺寸、耐用度、贴合度或做工细节。,用户主要担心粘贴不牢、安装细节、尺寸预期和局部翘边问题。,如果开发，建议优化尺寸说明、材质耐久、安装体验和细节做工，并做更清晰的场景图与对比卖点。,"门窗密封用品需求明确，评论数 205，月购提示为 한 달간 1,000명 이상 구매했어요。",打样时重点确认尺寸适配、材质厚度、粘贴/安装稳定性、包装保护和使用说明。,门窗密封用品值得继续深挖同类竞品，适合建立价格带和差评痛点库。,是,夏季需求更强，天气变热、防虫、防潮或户外使用场景增加。,夏季,未上传,搜索词：방충망；搜索排序约 18；卖家：주식회사 포그로우。,否,不确定,否,否,否,否,否,中,中,否,不确定,否,低,低,中,中,PB供应,计算利润,A,是,无,2026-06-19
오핫딜 논슬립 핸들커버 실리콘 원형 14컬러 전차종 호환가능,오핫딜 논슬립 핸들커버 硅胶 원형 14컬러 전차종 호환가능,Coupang,https://www.coupang.com/vp/products/9010164520,https://thumbnail.coupangcdn.com/thumbnails/remote/492x492ex/image/vendor_inventory/a196/645f24a6d92d8590ea52899782f05187f7de9dc3c71fe4e52d40beb69c57.png,미르엘,车载小用品,未分配,不确定,不确定,로켓배송,品牌卖家,未显示,그레이,실리콘,未显示,未显示,"7,400 KRW","2,812 KRW 预估",不确定,低（预估）,不确定,11.6% 预估,需要测试,不确定,不确定,中,未显示,2021,3.9,未显示,平台转化门槛低 / 材质卖点清晰 / 轻小件，适合继续测算,"차량용 소품, 오핫딜, 논슬립, 핸들커버, 실리콘, 원형, 14컬러, 전차종, 호환가능","상품 리뷰
2,021
최고
57%
좋음
10%
보통
11%
별로
7%
나쁨
15%
동일한 상품에 대해 작성된 상품 리뷰로, 판매자는 다를 수 있습니다.
상품리뷰 운영원칙
957
더보기
베스트순
최신순
모든 별점
김*영 
2026.05.26
판매자: 미르엘
오핫딜 논슬립 핸들커버 실리콘 원형 14컬러 전차종 호환가능, 블랙
내돈내산 실리콘 핸들커버
​1. 구매 동기 (내돈내산 인증)
​날이 점차 더워지기 시작하면서 운전할 때 손에 땀이 차서 순정 가죽 핸들이 미끄러지더라고요. 안전 운전을 위해서 가죽이나 털 소재보다는 시원하고 관리가 편한 '실리콘' 소재 커버를 찾다가, 후기가 좋고 가격도 착한 이 제품을 직접 구매하게 되었습니다.

​2. 장착 난이도 및 핏감 (구매 전 필독!)
​보통 가죽 핸들 커버는 끼울 때 온 힘을 다해야 해서 땀을 뻘뻘 흘리는데, 이 실리콘 커버는 신축성이 좋아서 생각보다 수월하게 장착했습니다. 핸들 윗부분부터 자리를 잡고 아래로 당기면서 씌우니까 1분 만에 쏙 들어가네요. 장착하고 나니 들뜨는 공간 전혀 없이 순정 핸들처럼 완벽하게 밀착되어 운전 중 커버가 헛돌 걱정은 안 하셔도 됩니다.

​3. 실사용 그립감 및 촉감 (가장 만족스러운 부분!)
​쫀득한 촉감: 손에 닿는 느낌이 부드러우면서도 아주 쫀득합니다. 손에 땀이 나도 미끄러지지 않고 손바닥에 부드럽게 감겨서 장거리 운전 시 피로도가 확실히 줄었습니다. ​불쾌한 냄새 ZERO: 간혹 저가형 고무/실리콘 제품은 차 안에 냄새가 진동해서 머리가 아픈데, 이 제품은 개봉 직후에도 특유의 석유 냄새나 고무 냄새가 거의 나지 않아서 바로 장착하고 운행할 수 있었습니다.
​적당한 두께감: 너무 두꺼우면 손이 작은 분들은 불편할 수 있는데, 이 제품은 핸들이 과하게 두꺼워지지 않으면서 그립감만 딱 살려주는 영리한 두께입니다.

​4. 위생 및 관리 편의성
​가죽 커버는 땀이나 선크림이 묻으면 이염되거나 해지기 쉬운데, 실리콘이라 화장품이 묻어도 물티슈로 슥 닦아내면 새것처럼 깔끔해집니다. 가끔 찝찝할 때는 떼어내서 물로 시원하게 세척하고 말려 쓰면 되니 영구적으로 위생적이게 쓸 수 있을 것 같아요.

​5. 총평 및 추천 대상
​한 줄 평: ""만원 대로 누리는 안전하고 쾌적한 드라이빙, 진작 살 걸 그랬습니다!""
​재구매 의사: ⭐⭐⭐⭐⭐ (5/5)
​추천: 운전할 때 손에 땀이 많으신 분, 순정 핸들 가죽이 벗겨져서 커버가 필요하신 분,","나쁨
15%
동일한 상품에 대해 작성된 상품 리뷰로, 판매자는 다를 수 있습니다.
상품리뷰 운영원칙
957
더보기
베스트순
최신순
모든 별점
김*영 
2026.05.26
판매자: 미르엘
오핫딜 논슬립 핸들커버 실리콘 원형 14컬러 전차종 호환가능, 블랙
내돈내산 실리콘 핸들커버
​1. 구매 동기 (내돈내산 인증)
​날이 점차 더워지기 시작하면서 운전할 때 손에 땀이 차서 순정 가죽 핸들이 미끄러지더라고요. 안전 운전을 위해서 가죽이나 털 소재보다는 시원하고 관리",车载小用品场景需求稳定，非明显季节品，全年都有稳定需求。,"5,920~9,250 KRW 预估",用户主要因为解决具体生活场景问题而购买，满意点集中在安装便利、功能直观和性价比，不满点集中在尺寸、耐用度、贴合度或做工细节。,用户主要担心粘贴不牢、安装细节、尺寸预期和局部翘边问题。,如果开发，建议优化尺寸说明、材质耐久、安装体验和细节做工，并做更清晰的场景图与对比卖点。,车载小用品需求明确，评论数 2021，月购提示为 未显示。,打样时重点确认尺寸适配、材质厚度、粘贴/安装稳定性、包装保护和使用说明。,车载小用品值得继续深挖同类竞品，适合建立价格带和差评痛点库。,否,非明显季节品，全年都有稳定需求。,全年,未上传,搜索词：차량용 소품；搜索排序约 19；卖家：미르엘。,不确定,不确定,否,否,否,否,否,中,低,否,不确定,否,高,高,高,低,普通测试,计算利润,B,是,无,2026-06-19
피니코니 부착식 접착식 압축봉 커튼봉 고리 홀더 스티커 브라켓 8개,피니코니 부착식 粘贴式 伸缩杆 커튼봉 고리 홀더 스티커 브라켓 8개,Coupang,https://www.coupang.com/vp/products/7808895946,https://thumbnail.coupangcdn.com/thumbnails/remote/492x492ex/image/vendor_inventory/b253/11ad2a73bd54ac48a9f760e023ae0fa153cbb49f323092740333e6f39b51.png,피니코니,窗帘配件,未分配,不确定,不确定,로켓배송,品牌卖家,未显示,투명,알루미늄,未显示,未显示,"8,700 KRW","3,306 KRW 预估",不确定,低（预估）,不确定,11.6% 预估,需要测试,不确定,不确定,中,한 달간 500명 이상 구매했어요,1065,4.5,未显示,免打孔/易安装 / 平台转化门槛低 / 材质卖点清晰,"접착식 후크, 피니코니, 부착식, 접착식, 압축봉, 커튼봉, 고리, 홀더, 스티커","상품 리뷰
1,065
900명 이상 만족했어요
최고
76%
좋음
10%
보통
6%
별로
3%
나쁨
5%
동일한 상품에 대해 작성된 상품 리뷰로, 판매자는 다를 수 있습니다.
상품리뷰 운영원칙
373
더보기
베스트순
최신순
모든 별점
에이yo 
2025.04.24
판매자: 피니코니
피니코니 부착식 접착식 압축봉 커튼봉 고리 홀더 스티커 브라켓 8개, 투명
완전 만족해요! 지저분한 공간 가리기 최고봉!
⭕깔끔한 인테리어 한것 같은 효과가 있어요
⭕미끄러지거나 기울어지지 않아요
⭕간단한 설치 후 누구나 쉽게 사용해요
⭕부담없이 무타공으로 설치 해요

✔️구매동기✔️

창고처럼 쓰는 공간이 있는데 문이 없다보니 진짜 지저분하더라구요!

임대를 하다보니 벽에 구멍 뚫기도 쉽지 않아 간편하지만

효과가 확실한 제품으로 구입했습니다!

❤️실제 사용해보니 설치도 간편하고 떨어지지도 않고

예쁜 공간이 탄생한 것 같아요 ❤️

1️⃣인테리어 한것 같은 느낌 굳 !

○ 진짜 창고 같은 공간이 감성적인 공간으로 변신했어요!

○ 그 중에 홀더는 꼭 필요한 제품인것 같아요!

○ 만약에 홀더가 없었다면 설치도 못하고 그대로 방치했을거에요!

2️⃣강력한 고정력

○ 압축봉만 했으면 미끄러지는 경향이 있더라구요

○ 홀더까지 있으니까 꽉 잡아주는 힘이 있어서 미끄러질 염려가 없어요!

3️⃣쉬운 설치와 간편한 사용

○ 사무실이라 구멍 뚫기가 부담스러웠는데 스티커 형식이라 좋았어요

○ 원하는 위치만 표시해주면 균형있게 붙힐 수 있어요


❗ ❗ TIP ❗ ❗

❗ 압축봉 두께 2cm 정도는 아주 충분히 여유있게 들어가요

❗ 봉이 조금 두껍거나 얇아도 고정력은 여전히 굳 ! 좋아요 !

❗ 저는 붙혀준 후 1-2일 정도 있다가 사용했습니다

❗ 붙힐 수 있는 곳에 붙히지 않으면 금방 떨어질수 있으니 조심 !


❤️내돈내산 찐 사용 후기❤️

❤️압축봉 사용할 때 반드시 필수로 구입해야할 아이템입니다❤️

❤️구성도 여유있어서 청소도구 걸이나 수건 걸이로도 써보려구요❤️

❤️홀더를 같이 쓰면 생활 퀄리티가 훨씬 올라가네요❤️
10명에게 도움이 됐어요
신고하기
oooin 
2025.04.21
판매자: 피니코니
피니코니 부착식 접착식 압축봉 커튼봉 고리 홀더 스티커 브라켓 8개, 투명
피니코니 부착식 커튼봉 고리 홀더 브라켓 리뷰
피니코니 부착식 커튼봉 고리 홀더 브라켓 리뷰

— 드릴 없이 간편하게! 깔끔한 커튼 설치 솔루션 —","나쁨
5%
동일한 상품에 대해 작성된 상품 리뷰로, 판매자는 다를 수 있습니다.
상품리뷰 운영원칙
373
더보기
베스트순
최신순
모든 별점
에이yo 
2025.04.24
판매자: 피니코니
피니코니 부착식 접착식 압축봉 커튼봉 고리 홀더 스티커 브라켓 8개, 투명
완전 만족해요! 지저분한 공간 가리기 최고봉!
⭕깔끔한 인테리어 한것 같은 효과가 있어요
⭕미끄러지거나 기울어지지 않아요
⭕간단한 설치 후 누구나 쉽게 사용해요
⭕부담없이 무타공으로 설치 해요

✔️구매",窗帘配件场景需求稳定，非明显季节品，全年都有稳定需求。,"6,960~10,875 KRW 预估",用户主要因为解决具体生活场景问题而购买，满意点集中在安装便利、功能直观和性价比，不满点集中在尺寸、耐用度、贴合度或做工细节。,用户主要担心粘贴不牢、安装细节、尺寸预期和局部翘边问题。,如果开发，建议优化尺寸说明、材质耐久、安装体验和细节做工，并做更清晰的场景图与对比卖点。,窗帘配件需求明确，评论数 1065，月购提示为 한 달간 500명 이상 구매했어요。,打样时重点确认尺寸适配、材质厚度、粘贴/安装稳定性、包装保护和使用说明。,窗帘配件值得继续深挖同类竞品，适合建立价格带和差评痛点库。,否,非明显季节品，全年都有稳定需求。,全年,未上传,搜索词：접착식 후크；搜索排序约 19；卖家：피니코니。,不确定,不确定,否,否,否,否,否,中,低,否,不确定,否,中,中,高,低,Rocket Growth,找供应商,S,是,无,2026-06-19
"메쉬코리아 국내산 미세 촘촘 방충망 셀프교체 풀세트 1, 국내산 미세방충망 ..., 1개",메쉬코리아 국내산 미세 高密度 防虫网 셀프교체 풀세트 1，국내산 미세防虫网 ...，1개,Coupang,https://www.coupang.com/vp/products/9500699180,https://thumbnail.coupangcdn.com/thumbnails/remote/492x492ex/image/vendor_inventory/741e/997d18cdc6dcc4b3af1353b9951b02314471e41f4f02b14b72e8d616b3c9.jpg,동백물산,防虫网相关用品,未分配,不确定,不确定,로켓배송,品牌卖家,10CM x 4.5M,그레이,화이바,未显示,未显示,"17,900 KRW","6,802 KRW 预估",不确定,中（预估）,不确定,11.6% 预估,需要测试,不确定,不确定,低,한 달간 100명 이상 구매했어요,425,5,未显示,防虫需求明确 / 平台转化门槛低 / 材质卖点清晰,"방충망, 메쉬코리아, 국내산, 미세, 촘촘, 방충망, 셀프교체, 풀세트, 1","상품 리뷰
425
400명 이상 만족했어요
최고
98%
좋음
1%
보통
1%
별로
0%
나쁨
0%
편리성
아주 편리해요
99%
재질 만족도
아주 마음에 들어요
99%
견고함
아주 견고해요
95%
자세히 보기
동일한 상품에 대해 작성된 상품 리뷰로, 판매자는 다를 수 있습니다.
상품리뷰 운영원칙
29
더보기
베스트순
최신순
모든 별점
황*서 
2026.03.19
판매자: 동백물산
메쉬코리아 국내산 미세 촘촘 방충망 셀프교체 풀세트 1, 1개, 국내산 미세방충망 75cmX1.0m
작은 날벌레 스트레스 끝! 100% 국내산이라 더 믿음직해요
구매 이유: 날이 따뜻해지면 어디서 들어오는지 모를 미세한 날벌레 때문에 너무 스트레스받아서 방충망 교체를 결심했어요
사용 후기: 방충망은 진짜 미세하고 촘촘해서 작은 벌레까지 완벽하게 차단되네요! 밤에 불 켜놔도 방충망 근처에 벌레가 못 들어옵니다 게다가 국내산이라 퀄리티가 남달라요 저가 중국산 쓰면 환경호르몬이나 유해 물질 걱정되는데, 이건 인체에 무해하다니 맘 편히 창문 열고 환기합니다 시야도 확 트여서 밖이 너무 잘 보입니다
편리성
아주 편리해요
재질 만족도
아주 마음에 들어요
견고함
아주 견고해요
3명에게 도움이 됐어요
신고하기
서*서 
2026.03.19
판매자: 동백물산
메쉬코리아 국내산 미세 촘촘 방충망 셀프교체 풀세트 1, 1개, 국내산 미세방충망 75cmX1.0m
국내산이라 안심되고 타업체 대비 가격이 착해서 만족스럽습니다 시공업체에 맡겼다면 비용이 많이 나왔을 텐데 셀프 설치로 약 80% 정도 절감했어요 고물가 시대에 이런 선택 하나로 생활비 절약까지 가능하고, 집 안 시야도 깨끗하며 벌레 차단이 완벽해 여름철에도 쾌적하게 지낼 수 있어 강력 추천합니다
편리성
아주 편리해요
재질 만족도
아주 마음에 들어요
도움이 돼요
신고하기
한*아 
2026.03.19
판매자: 동백물산
메쉬코리아 국내산 미세 촘촘 방충망 셀프교체 풀세트 1, 1개, 국내산 미세방충망 75cmX1.0m
초파리, 모기 꼼짝 마! 촘촘함의 끝판왕 방충망입니다 방충망이 다 거기서 거기겠지 했는데 메쉬코리아 제품은 진짜 다르네요 눈에 잘 보이지도 않는 아주 작은 벌레까지 다 막아주는 촘촘함이 예술입니다 재질이 질기고 튼튼해서 수명이 반영구적이라는 말이 딱 맞네요 인체에 무해한 국내산이라 호흡기 약한 식구들 건강 걱정도 덜었고, 창밖 풍경을 가리지 않는 뛰어난 시야성까지 뭐 하나 빠지는 게 없어요 강","나쁨
0%
편리성
아주 편리해요
99%
재질 만족도
아주 마음에 들어요
99%
견고함
아주 견고해요
95%
자세히 보기
동일한 상품에 대해 작성된 상품 리뷰로, 판매자는 다를 수 있습니다.
상품리뷰 운영원칙
29
더보기
베스트순
최신순
모든 별점
황*서 
2026.03.19
판매자: 동백물산
메쉬코리아 국내산 미세 촘촘 방충망 셀프교체 풀세트 1, 1개, 국내산 미세방충망 75cmX1.0m
작은 날벌레 스트레스 끝! 100% 국내산이라 더 믿음직해요
구매 이유:",防虫网相关用品场景需求稳定，夏季需求更强，天气变热、防虫、防潮或户外使用场景增加。,"14,320~22,375 KRW 预估",用户主要因为解决具体生活场景问题而购买，满意点集中在安装便利、功能直观和性价比，不满点集中在尺寸、耐用度、贴合度或做工细节。,用户主要担心粘贴不牢、安装细节、尺寸预期和局部翘边问题。,如果开发，建议优化尺寸说明、材质耐久、安装体验和细节做工，并做更清晰的场景图与对比卖点。,防虫网相关用品需求明确，评论数 425，月购提示为 한 달간 100명 이상 구매했어요。,打样时重点确认尺寸适配、材质厚度、粘贴/安装稳定性、包装保护和使用说明。,防虫网相关用品值得继续深挖同类竞品，适合建立价格带和差评痛点库。,是,夏季需求更强，天气变热、防虫、防潮或户外使用场景增加。,夏季,未上传,搜索词：방충망；搜索排序约 19；卖家：동백물산。,否,不确定,否,否,否,否,否,中,中,否,不确定,否,中,中,中,中,PB供应,计算利润,A,是,无,2026-06-19
Kleeno 대형 정리함 150L 대용량 폴딩 수납함 이동 가능 리빙박스 옷 이불 보관함,Kleeno 대형 收纳盒 150L 대용량 폴딩 收纳함 이동 가능 리빙박스 옷 이불 보관함,Coupang,https://www.coupang.com/vp/products/8721901763,https://thumbnail.coupangcdn.com/thumbnails/remote/492x492ex/image/vendor_inventory/183f/161551215bb1c0b1fa71523ba370b48fa320bf879d5276a45c909180d83a.jpg,토니동 유한회사,收纳用品,未分配,不确定,不确定,로켓배송,品牌卖家,未显示,투명,플라스틱,未显示,未显示,"27,900 KRW","10,602 KRW 预估",不确定,中（预估）,不确定,11.6% 预估,需要测试,不确定,不确定,中,한 달간 100명 이상 구매했어요,2035,4.7,未显示,免打孔/易安装 / 收纳整理场景明确 / 平台转化门槛低,"수납용품, Kleeno, 대형, 정리함, 150L, 대용량, 폴딩, 수납함, 이동","상품 리뷰
2,035
1,000명 이상 만족했어요
최고
84%
좋음
9%
보통
5%
별로
1%
나쁨
1%
동일한 상품에 대해 작성된 상품 리뷰로, 판매자는 다를 수 있습니다.
상품리뷰 운영원칙
399
더보기
베스트순
최신순
모든 별점
박*지 
2026.04.29
판매자: 키우젠무역 유한회사
Kleeno 150L 대형 옷이불 정리 리빙박스 수납함 이동식 접이식 다용도 수납 정리함 수납장 보관함 서랍장, 2개, 가로61cm, 흰색
0:32
이불 수납 고민 끝! 바퀴까지 있어 편한 내돈내산 후기
집은 넓은데 마땅한 이불 수납공간이 없어서 고민이 많았습니다. 매번 이불을 접어서 밖에 두니 미관상 좋지 않고 특히 아이가 자꾸 흐트러뜨려 집안이 늘 어수선했거든요. 다이소에 가봐도 이불 하나 넣으면 꽉 차거나 비닐 팩 형태뿐이라 마땅한 리빙박스를 못 찾고 있었는데 드디어 이 제품을 발견했습니다.
​우선 크기가 정말 어마어마합니다. 150L 대용량이라 그런지 이불 4개가 거뜬히 들어가고 거기에 아기 베개 2개와 어른 베개 1개까지 다 넣었는데도 딱 맞게 수납되더라고요. 디자인도 깔끔해서 거실이나 방 어디에 두어도 예쁘고 사용하지 않을 때는 접어서 보관할 수 있어 공간 활용도가 높습니다.
​바퀴를 탈부착할 수 있다는 점도 큰 장점입니다. 방을 옮기거나 청소할 때 밀어서 이동하니 정말 편하더라고요. 여러 개를 쌓아서 적층할 수 있는 구조인 것도 마음에 듭니다. 다만 제품 자체가 조금 가벼운 느낌이라 무거운 것 두 개를 쌓기보다는 아래쪽에는 무거운 것을 위쪽에는 상대적으로 가벼운 것을 올리는 게 안정적일 것 같습니다.

​살짝 아쉬운 점이 있다면 접이식 특성상 앞뒤로 약간 흔들리는 유격이 있고 뚜껑 '아다리'가 한 번에 딱 맞지 않을 때가 있습니다. 상단 손잡이 쪽을 살짝 벌려줘야 잘 닫히더라고요.
​약간의 아쉬움은 있지만 굴러다니던 이불들을 한 번에 깔끔하게 정리할 수 있어서 정말 만족스럽습니다. 저처럼 대용량 이불 수납 때문에 고민하셨던 분들이라면 후회 없는 선택이 될 것 같습니다. 정말 잘 샀네요!
18명에게 도움이 됐어요
신고하기
최*진 
2026.06.04
판매자: 토니동 유한회사
Kleeno 대형 정리함 150L 대용량 폴딩 수납함 이동 가능 리빙박스 옷 이불 보관함, 1개, 가로61cm, 흰색
예쁘고 수납 많이 됩니다
​거실 인테리어를 해치지 않는 단단한 대용량 플라스틱 수납함 후기
​이번에 집이 너무 좁아져서 옷 정","나쁨
1%
동일한 상품에 대해 작성된 상품 리뷰로, 판매자는 다를 수 있습니다.
상품리뷰 운영원칙
399
더보기
베스트순
최신순
모든 별점
박*지 
2026.04.29
판매자: 키우젠무역 유한회사
Kleeno 150L 대형 옷이불 정리 리빙박스 수납함 이동식 접이식 다용도 수납 정리함 수납장 보관함 서랍장, 2개, 가로61cm, 흰색
0:32
이불 수납 고민 끝! 바퀴까지 있어 편한 내돈내산 후기
집은 넓은데 마땅한 이불 수납공간이 없어서 고민이 많았습니다. 매",收纳用品场景需求稳定，非明显季节品，全年都有稳定需求。,"22,320~34,875 KRW 预估",用户主要因为解决具体生活场景问题而购买，满意点集中在安装便利、功能直观和性价比，不满点集中在尺寸、耐用度、贴合度或做工细节。,用户主要担心粘贴不牢、安装细节、尺寸预期和局部翘边问题。,如果开发，建议优化尺寸说明、材质耐久、安装体验和细节做工，并做更清晰的场景图与对比卖点。,收纳用品需求明确，评论数 2035，月购提示为 한 달간 100명 이상 구매했어요。,打样时重点确认尺寸适配、材质厚度、粘贴/安装稳定性、包装保护和使用说明。,收纳用品值得继续深挖同类竞品，适合建立价格带和差评痛点库。,否,非明显季节品，全年都有稳定需求。,全年,未上传,搜索词：수납용품；搜索排序约 21；卖家：토니동 유한회사。,否,不确定,否,否,否,否,否,中,低,否,不确定,否,高,高,中,低,Rocket Growth,找供应商,S,是,无,2026-06-19